gene,min_pval,n_hits,n_studies,ancestries,chr,top_snp,nlogp,logfc,padj,pct_grp,pct_ref
QRSL1P2,2e-79,6,6,"African,East Asian,European,Hispanic/Latin,Japanese",1,rs10863683-C,78.69897000433602,,,,
LINC01705,2e-79,6,6,"African,East Asian,European,Hispanic/Latin,Japanese",1,rs10863683-C,78.69897000433602,5.9932,4.3267818050130366e-05,0.0868320610687023,0.0008665511265164
CORO2B,2e-44,1,2,"African,East Asian,European,Hispanic/Latin",15,rs34647667-T,43.69897000433602,-1.1528885,0.8938837057321463,0.0505725190839694,0.0688908145580589
ITGA11,2e-44,1,2,"African,East Asian,European,Hispanic/Latin",15,rs34647667-T,43.69897000433602,2.0149093,1.6670457488809788e-112,0.6135496183206107,0.1582900057770075
NEDD4,1e-27,4,6,"African,East Asian,European,Hispanic/Latin,Japanese",15,rs11632096-A,27.0,1.635382,4.278883229861561e-35,0.3377862595419847,0.0829000577700751
PHLDA3,1.9999999999999998e-25,2,4,"African,East Asian,European,Japanese",1,rs192314256-C,24.69897000433602,0.96292335,9.628706125331618e-63,0.7977099236641222,0.4302426343154246
AS,3e-18,2,2,"African,East Asian,European,Hispanic/Latin",11,rs76024540-C,17.522878745280337,,,,
SLC67A1,3e-18,2,2,"African,East Asian,European,Hispanic/Latin",11,rs76024540-C,17.522878745280337,,,,
RPS11P1,5e-15,3,2,"African,East Asian,European,Hispanic/Latin",20,rs140716753-A,14.301029995663981,,,,
LINC02871,5e-15,3,2,"African,East Asian,European,Hispanic/Latin",20,rs140716753-A,14.301029995663981,,,,
LINC03138,2e-14,2,1,"African,East Asian,European",21,rs13051336-A,13.698970004336019,,,,
PRR23A,2e-13,1,1,Japanese,3,rs1511412-A,12.698970004336019,0.0,1.0,0.0,0.0
FOXL2NB,2e-13,1,1,Japanese,3,rs1511412-A,12.698970004336019,2.2912285,1.0,0.0009541984732824,0.0001444251877527
BPESC1,4e-12,2,3,"African,East Asian,European,Japanese",3,rs646315-T,11.397940008672037,0.0,1.0,0.0,0.0
MRPS22,4e-12,2,3,"African,East Asian,European,Japanese",3,rs646315-T,11.397940008672037,-0.39969552,0.8669707277369985,0.3187022900763359,0.2440785673021375
CSF2RB,7e-12,1,1,"African,European,Hispanic/Latin",22,rs536701773-C,11.154901959985743,0.82676667,1.0,0.0124045801526717,0.0049104563835932
TAFA2,9e-12,1,1,"African,European,Hispanic/Latin",12,rs527569697-A,11.045757490560675,,,,
FRMD4A,9e-12,1,1,"African,European,Hispanic/Latin",10,rs549023067-G,11.045757490560675,2.4960918,1.6116448597831867e-14,0.1793893129770992,0.0246967071057192
AS1,9e-12,1,1,"African,European,Hispanic/Latin",10,rs549023067-G,11.045757490560675,,,,
LSP1,1e-11,1,1,"African,East Asian,European",11,rs686722-T,11.0,0.23480809,3.7235079612692474e-05,0.6937022900763359,0.5303292894280762
NFATC2,2e-11,1,1,"African,East Asian,European",20,rs6091310-T,10.698970004336019,0.74685353,1.8194846063526875e-14,0.3234732824427481,0.1519352975158867
RPSAP1,2e-11,1,1,"African,East Asian,European",20,rs6091310-T,10.698970004336019,,,,
GLIS3,1e-10,1,1,"African,East Asian,European",9,rs6476838-T,10.0,1.9374769,6.088929212780401e-52,0.3902671755725191,0.0818890814558059
ASIP,4e-10,1,1,"African,East Asian,European",20,rs1205312-A,9.397940008672037,-5.021083,1.179466044131723e-27,0.015267175572519,0.2263142692085499
TAB2,6e-10,1,1,"African,East Asian,European",6,rs6906384-A,9.221848749616356,0.606336,6.759661972502971e-21,0.4303435114503817,0.1998844598497978
NRG1,6e-10,1,1,"African,East Asian,European",8,rs2919386-A,9.221848749616356,7.512542,1.8878233516216341e-90,0.3921755725190839,0.0021663778162911
GPC1,6e-10,2,2,"African,East Asian,European",2,rs12989123-T,9.221848749616356,2.4965308,2.021380695276397e-129,0.5858778625954199,0.1025418833044483
U3,6e-10,2,2,"African,East Asian,European",2,rs12989123-T,9.221848749616356,,,,
SETBP1,2e-09,1,1,"African,East Asian,European",18,rs77685836-C,8.698970004336019,-0.4949986,0.4725025322776505,0.3129770992366412,0.2944829578278451
DT,2e-09,1,1,"African,East Asian,European",18,rs77685836-C,8.698970004336019,,,,
LINC01478,2e-09,1,1,"African,East Asian,European",18,rs77685836-C,8.698970004336019,-16.474463,1.0,0.0,0.0001444251877527
CASC18,5e-09,1,1,"African,East Asian,European",12,rs7297246-A,8.301029995663981,-0.36931893,1.0,0.0009541984732824,0.0004332755632582
ZBTB40,6e-09,1,1,"African,East Asian,European",1,rs12568930-T,8.221848749616356,-0.2015698,0.9272195057470554,0.0706106870229007,0.0482380127094165
PPIAP34,6e-09,1,1,"African,East Asian,European",1,rs12568930-T,8.221848749616356,,,,
LINC01752,6e-09,1,1,"African,East Asian,European",20,rs2423510-A,8.221848749616356,1.2494379,1.0,0.0028625954198473,0.0004332755632582
BABAM2,8e-09,1,1,"African,East Asian,European",2,rs6726716-A,8.096910013008056,1.9418597,3.4259703746345095e-116,0.6450381679389313,0.2036395147313691
SFRP4,8e-09,1,1,"African,East Asian,European",7,rs2242026-T,8.096910013008056,4.0826454,1.483074960007582e-279,0.7891221374045801,0.1335932986712882
NME8,8e-09,1,1,"African,East Asian,European",7,rs2242026-T,8.096910013008056,4.1962633,1.0,0.0190839694656488,0.0005777007510109
MEF2C,2e-08,1,1,"African,East Asian,European",5,rs244755-T,7.698970004336019,-0.30668402,0.8155465954887903,0.1822519083969465,0.1457250144425187
TRIB1AL,2e-08,1,1,"African,East Asian,European",8,rs921721-A,7.698970004336019,,,,
PRTG,7e-08,1,1,European,15,rs60890210-A,7.154901959985743,0.8330613,0.3675680517099488,0.0505725190839694,0.0187752744078567
LINC02763,2e-07,1,1,Han Taiwanese,11,rs117166906-?,6.698970004336019,,,,
HYAL2,5e-07,1,1,Japanese,3,rs11130248-?,6.301029995663981,1.5934471,5.236167348216881e-72,0.5305343511450382,0.1528018486424032
HYAL1,5e-07,1,1,Japanese,3,rs11130248-?,6.301029995663981,0.38477612,1.0,0.006679389312977,0.0030329289428076
