source,target,ligand_complex,receptor_complex,lr_means,cellphone_pvals,expr_prod,scaled_weight,lr_logfc,spec_weight,lrscore,specificity_rank,magnitude_rank,condition
Fibroblast,Pericyte_SMC,LGALS1,ITGB1,2.5366402,0.0,5.6084423,0.7457298879873953,1.505640012111705,0.090408616,0.9694785,0.0783536887167958,0.0013285032471557316,Keloid
Fibroblast,Fibroblast,LGALS1,ITGB1,2.4932902,0.0,5.309714,0.7115673345344846,1.2933778923698427,0.085593075,0.9686582,0.09321812913643313,0.0016386332642155535,Keloid
Fibroblast,Endothelial,LGALS1,ITGB1,2.2226307,0.0,3.444578,0.4982688781398529,0.8833594914137266,0.055526912,0.96137965,0.3928468953313415,0.0032000058932636034,Keloid
Fibroblast,Pericyte_SMC,LUM,ITGB1,2.1675792,0.0,4.406973,0.9478459638363594,2.071394599855754,0.16185662,0.96570253,0.013451138504584946,0.003917071443995352,Keloid
Fibroblast,Fibroblast,LUM,ITGB1,2.1242292,0.0,4.1722393,0.9136834103834486,1.8591324801138915,0.15323548,0.96478444,0.035169198897074795,0.004705421203592114,Keloid
Pericyte_SMC,Pericyte_SMC,LGALS1,ITGB1,2.09808,0.0,4.180719,0.48749162059936113,0.8308268946825932,0.06739358,0.9648189,0.2230384604486006,0.005126232709959412,Keloid
Pericyte_SMC,Fibroblast,LGALS1,ITGB1,2.05473,0.0,3.9580367,0.4533290671464504,0.6185647749407308,0.06380392,0.96387804,0.2663113552529941,0.006020941401708935,Keloid
Fibroblast,T_cell,LGALS1,ITGB1,2.0807765,0.0,2.4670477,0.3864774822495492,0.7655933052448813,0.03976904,0.9546831,0.5990480457864074,0.00912702255218778,Keloid
Fibroblast,Endothelial,LUM,ITGB1,1.85357,0.0,2.7066627,0.700384953988817,1.4491140791577755,0.09940866,0.9566465,0.07762764502292402,0.014241732961232352,Keloid
Myeloid,Keratinocyte,TGFB1,ITGB5,0.1865221,0.0,0.033380967,0.04098633409649468,-0.01661739403420892,0.034924783,0.7101895,1.0,0.015223246086738699,Keloid
Pericyte_SMC,Endothelial,LGALS1,ITGB1,1.7840705,0.0,2.5677028,0.24003061075181872,0.20854637398461473,0.041391604,0.95554036,0.8371924461828074,0.017732025932100708,Keloid
Fibroblast,Myeloid,LGALS1,ITGB1,2.018106,0.0,2.0351803,0.33708883962680486,0.5232449139610794,0.032807294,0.9503334,0.679226093343402,0.01826082101038801,Keloid
Myeloid,Pericyte_SMC,LGALS1,ITGB1,1.7751412,0.0,3.129399,0.2973346412309127,0.4430279430611519,0.0504462,0.9595582,0.5141967784325624,0.018528034572594755,Keloid
Myeloid,Fibroblast,LGALS1,ITGB1,1.7317913,0.0,2.9627144,0.26317208777800194,0.23076582331928952,0.047759227,0.95848274,0.603267696141286,0.023057708326871755,Keloid
Fibroblast,T_cell,LUM,ITGB1,1.7117156,0.0,1.9385439,0.5885935580985133,1.3313478929889302,0.071197666,0.94917274,0.1896351826762757,0.02550089160916246,Keloid
Fibroblast,Keratinocyte,FN1,CD44,1.7081945,0.0,2.4938226,0.7196897731343364,1.4043540126201588,0.12057687,0.95491606,0.07762764502292402,0.0258145961101991,Keloid
Fibroblast,T_cell,FN1,CD44,1.6784021,0.0,2.3532364,0.6923043583861792,1.6138228071916956,0.11377951,0.9536504,0.07762764502292402,0.028390412863617515,Keloid
Fibroblast,Keratinocyte,LGALS1,ITGB1,1.9725261,0.0,1.7210857,0.3011687313780006,0.35102269547106024,0.02774406,0.94622475,1.0,0.030740361018768224,Keloid
Fibroblast,Myeloid,FN1,PLAUR,1.6481011,0.0,2.2102506,0.9505654277149446,2.264263331364718,0.25765398,0.9522451,0.010105081490403211,0.032825621105448594,Keloid
Pericyte_SMC,T_cell,LGALS1,ITGB1,1.6422162,0.0,1.8390193,0.12823921486151507,0.09078018781576946,0.02964516,0.9478862,1.0,0.0346131784975469,Keloid
Myeloid,Keratinocyte,TGFB1,LPP,0.19496979,1.0,0.037166648,-0.0630371223742607,-0.33452553363697723,0.017261835,0.7211186,1.0,0.03644914541367194,Keloid
Fibroblast,Pericyte_SMC,FBLN1,ITGB1,1.5947204,0.0,2.5420427,0.8606257935008121,1.803009386612593,0.17751749,0.9553265,0.045203935573931424,0.03832349372267847,Keloid
Fibroblast,Myeloid,LUM,ITGB1,1.649045,0.0,1.5991933,0.539204915475769,1.0889995017051284,0.058734205,0.944325,0.33880936563533626,0.03870439801288245,Keloid
Fibroblast,Myeloid,FN1,CD44,1.5830542,0.0,1.9033034,0.6046596543686796,1.4296216257377017,0.092025146,0.9487283,0.07762764502292402,0.041027364744347365,Keloid
Pericyte_SMC,Myeloid,LGALS1,ITGB1,1.5795457,0.0,1.5170908,0.0788505722387707,-0.15156820346803246,0.024455644,0.9429231,1.0,0.04545245324051804,Keloid
Fibroblast,Fibroblast,FBLN1,ITGB1,1.5513704,0.0,2.4066432,0.8264632400479013,1.5907472668707305,0.16806217,0.9541439,0.06639563308359231,0.04628002293070619,Keloid
Fibroblast,Pericyte_SMC,FN1,CD44,1.5394573,0.0,1.6975756,0.5645849631160632,1.2877748705727787,0.08207816,0.94587374,0.10792147489585283,0.04880500791367859,Keloid
Fibroblast,Keratinocyte,FN1,SDC1,1.5113623,0.0,1.5649996,0.9951537705176525,1.8697359940720393,0.31046352,0.9437541,0.003579798334156085,0.053153526813022545,Keloid
Fibroblast,Endothelial,FN1,ITGA6,1.4840873,0.0,1.436293,0.9378457996393305,1.9760221558902997,0.30728748,0.9414324,0.003756749656010841,0.05906661401193773,Keloid
Fibroblast,Keratinocyte,LUM,ITGB1,1.6034652,0.0,1.3523856,0.5032848072269647,0.9167772832151091,0.049669605,0.93975073,0.5390799894141668,0.06141854462539081,Keloid
Fibroblast,Pericyte_SMC,VCAN,ITGB1,1.4649322,0.0,2.1195202,0.7393195629796392,1.5593457347983841,0.15044004,0.951283,0.07762764502292402,0.06285030888732142,Keloid
Fibroblast,Pericyte_SMC,TIMP2,ITGB1,1.4623902,0.0,2.111245,0.623381542141662,1.233813500243241,0.11155905,0.95119226,0.07762764502292402,0.063330984314616,Keloid
Myeloid,Endothelial,LGALS1,ITGB1,1.4611318,0.0,1.9220059,0.04987363138337028,-0.17925257763682656,0.03098291,0.94896567,1.0,0.06381336948326402,Keloid
T_cell,Pericyte_SMC,LGALS1,ITGB1,1.4280126,0.03,1.9993294,0.0929334945896321,0.08033080676810034,0.03222938,0.9499123,1.0,0.07023934797336386,Keloid
Fibroblast,Fibroblast,VCAN,ITGB1,1.4215822,0.0,2.006626,0.7051570095267284,1.3470836150565217,0.14242698,0.9499989,0.07762764502292402,0.07176293635618938,Keloid
Fibroblast,Fibroblast,TIMP2,ITGB1,1.4190402,0.0,1.9987913,0.5892189886887511,1.0215513805013787,0.10561695,0.94990593,0.07762764502292402,0.07227417287196101,Keloid
Pericyte_SMC,Keratinocyte,LGALS1,ITGB1,1.5339658,0.0,1.2829543,0.042930463989966416,-0.32379042195805163,0.020681342,0.93824124,1.0,0.07485560676754935,Keloid
Fibroblast,Keratinocyte,TGFB3,ITGB5,0.20880541,0.0,0.04002044,0.1983425037372724,0.24369849897123075,0.08110474,0.7284963,0.41419511063248937,0.07859856706656021,Keloid
T_cell,Fibroblast,LGALS1,ITGB1,1.3846626,0.41,1.892837,0.05877094113672135,-0.13193131297376204,0.030512707,0.94859403,1.0,0.07907305300927103,Keloid
Myeloid,T_cell,LGALS1,ITGB1,1.3192775,1.0,1.3765635,-0.06191776450693339,-0.2970187638056718,0.022190329,0.9402504,1.0,0.10055003652113129,Keloid
Fibroblast,Pericyte_SMC,FBN1,ITGB1,1.3121703,0.0,1.622207,0.6560415360581047,1.3458293406451811,0.13898069,0.9446994,0.07762764502292402,0.10294759922288357,Keloid
Fibroblast,Pericyte_SMC,SPON2,ITGB1,1.2968786,0.0,1.5724254,0.713554809690718,1.4949538898728891,0.1677351,0.94387954,0.06716296290974355,0.10659215309199407,Keloid
Fibroblast,Pericyte_SMC,CLEC11A,ITGB1,1.292666,0.0,1.558711,0.6796350548046131,1.3951313053344754,0.15039642,0.9436471,0.07762764502292402,0.10905386059689777,Keloid
Fibroblast,Endothelial,FBLN1,ITGB1,1.2807109,0.0,1.561265,0.6131647836532697,1.1807288659146145,0.10902721,0.9436906,0.07762764502292402,0.11659157130155333,Keloid
Fibroblast,Fibroblast,FBN1,ITGB1,1.2688203,0.0,1.5358016,0.6218789826051939,1.1335672209033185,0.131578,0.9432521,0.07762764502292402,0.12239398523811658,Keloid
Myeloid,Myeloid,LGALS1,ITGB1,1.256607,1.0,1.13559,-0.11130640712967774,-0.5393671550894737,0.018305816,0.9346103,1.0,0.12832308805624876,Keloid
Fibroblast,Fibroblast,SPON2,ITGB1,1.2535286,0.0,1.4886715,0.6793922562378073,1.2826917701310268,0.15880083,0.94241214,0.07762764502292402,0.1289896662413353,Keloid
Fibroblast,Fibroblast,CLEC11A,ITGB1,1.2493159,0.0,1.4756876,0.6454725013517023,1.182869185592613,0.14238569,0.94217396,0.07762764502292402,0.13167140685987141,Keloid
Endothelial,Pericyte_SMC,HSPG2,ITGB1,1.2204485,0.0,1.3236086,0.5981410232193327,1.3082993010163921,0.13159584,0.93913895,0.07762764502292402,0.14194731565980914,Keloid
Fibroblast,Fibroblast,FN1,CD44,1.3992561,0.0,1.0359865,0.4357104274710183,0.854412720046305,0.05009018,0.9317486,0.5271208318066142,0.1433434343537403,Keloid
Endothelial,Pericyte_SMC,VWF,ITGB1,1.1866632,0.0,1.2136214,0.7355726836624763,1.546183711888612,0.22149093,0.93661195,0.019960621971950223,0.16950288601458727,Keloid
Pericyte_SMC,Pericyte_SMC,TIMP2,ITGB1,1.1846877,0.0,1.2071904,0.3455080539718086,0.7825777761822263,0.06378844,0.936454,0.26702270405300993,0.17101265619301448,Keloid
Myeloid,Keratinocyte,LGALS1,ITGB1,1.2110271,1.0,0.96033144,-0.14722651537848203,-0.7115893735794929,0.015480632,0.9292977,1.0,0.1748127365149255,Keloid
Fibroblast,Endothelial,FN1,ITGA5_ITGB1,1.3818663,0.0,0.9539265,0.8138156533614482,1.7426248460478688,0.24792929,0.9290775,0.012431518158023838,0.17864936047615468,Keloid
Endothelial,Fibroblast,HSPG2,ITGB1,1.1770984,0.0,1.2531078,0.5639784697664219,1.0960371812745295,0.1245865,0.93755573,0.07762764502292402,0.17942104431112565,Keloid
Fibroblast,Fibroblast,POSTN,ITGAV_ITGB5,1.5109217,0.0,0.94783187,0.6460370749146649,1.566294522692551,0.13277832,0.928866,0.07762764502292402,0.18019418013044425,Keloid
Fibroblast,Myeloid,FN1,C5AR1,1.3774686,0.0,0.9331741,0.9218620055595275,1.9956971494909572,0.43221033,0.92834944,0.0004009217402910148,0.18643137001955357,Keloid
Fibroblast,Pericyte_SMC,ADAM12,ITGB1,1.1654906,0.0,1.1446946,0.6437517550618339,1.3266177161459707,0.16722931,0.9348539,0.06871431038004548,0.18800508927583426,Keloid
Fibroblast,Pericyte_SMC,CXCL12,ITGB1,1.1634463,0.0,1.1380395,0.5338714319837918,1.3596351473834996,0.12705897,0.9346761,0.07762764502292402,0.19037647382402,Keloid
Fibroblast,Fibroblast,FN1,PLAUR,1.3746312,0.0,0.91978455,0.605450859413729,1.1932851326622755,0.107221395,0.9278673,0.07762764502292402,0.19595969121418366,Keloid
Fibroblast,Endothelial,VCAN,ITGB1,1.1509228,0.0,1.3017613,0.49185855313209675,0.9370652141004057,0.092396855,0.9386615,0.07762764502292402,0.19999040864604722,Keloid
T_cell,Endothelial,TGFB1,CAV1,1.3453723,0.0,0.9114121,0.65562050570093,1.3948782408695453,0.14456142,0.92756075,0.07762764502292402,0.19999040864604722,Keloid
Endothelial,Pericyte_SMC,LGALS1,ITGB1,1.1488006,1.0,1.0903609,-0.07147568717239616,-0.5692374298726031,0.017576717,0.93335736,1.0,0.20324047111616636,Keloid
Fibroblast,Endothelial,TIMP2,ITGB1,1.1483809,0.0,1.2966787,0.3759205322941195,0.6115329795452626,0.06851703,0.9385488,0.213851713864393,0.20405655104805828,Keloid
Myeloid,Pericyte_SMC,CD14,ITGB1,1.1459837,0.0,1.0811903,0.6909345775043271,1.7520654006133103,0.23737124,0.9330942,0.01507983732193393,0.20898234620564643,Keloid
Endothelial,Fibroblast,VWF,ITGB1,1.1433132,0.0,1.148979,0.7014101302095654,1.3339215921467495,0.20969342,0.9349676,0.027249457989326695,0.2114641647585595,Keloid
Pericyte_SMC,Fibroblast,TIMP2,ITGB1,1.1413376,0.0,1.1428905,0.31134550051889787,0.570315656440364,0.0603908,0.93480587,0.3188360254966816,0.21312569254645097,Keloid
Pericyte_SMC,Keratinocyte,FN1,CD44,1.1389524,0.0,1.2904898,0.30695821486595837,0.3086092553392996,0.06239547,0.9384107,0.306809622451808,0.21646545469792644,Keloid
Fibroblast,T_cell,FBLN1,ITGB1,1.1388566,0.0,1.1181966,0.501373387762966,1.0629626797457692,0.078086585,0.93413705,0.13168134811546683,0.21730386760077514,Keloid
Fibroblast,Pericyte_SMC,FN1,SDC2,1.3650486,0.0,0.8745661,0.7518990827424581,1.6731799920865782,0.20293945,0.92616194,0.032053404847291585,0.218984887458673,Keloid
Fibroblast,Fibroblast,POSTN,PTK7,1.4938319,0.0,0.8566966,0.7442439391644565,1.7360639772225364,0.2184588,0.925453,0.022356292528061827,0.22832890224476837,Keloid
Myeloid,Pericyte_SMC,F13A1,ITGB1,1.131208,0.0,1.0330883,0.7042189666213168,1.7636838343256178,0.2609131,0.9316595,0.011662952750069715,0.22832890224476837,Keloid
Fibroblast,Fibroblast,FN1,ITGAV_ITGB1,1.3574529,0.0,0.8387226,0.6794587952196491,1.4728128655963797,0.14822339,0.92471826,0.07762764502292402,0.23349555929274063,Keloid
Pericyte_SMC,Pericyte_SMC,LUM,ITGB1,1.1262403,0.0,1.0169158,0.19008976035819453,0.19963944496644448,0.03734867,0.9311555,1.0,0.23436142903952284,Keloid
Fibroblast,Fibroblast,ADAM12,ITGB1,1.1221405,0.0,1.0837234,0.609589201608923,1.114355596404108,0.15832199,0.93316716,0.07762764502292402,0.23696718143953505,Keloid
Fibroblast,Fibroblast,CXCL12,ITGB1,1.1200962,0.0,1.0774227,0.4997088785308811,1.1473730276416374,0.120291285,0.9329851,0.07762764502292402,0.2413371619207973,Keloid
Myeloid,Myeloid,TGFB1,LPP,0.21832986,1.0,0.04763503,-0.03454719407048131,-0.171957119484412,0.022123814,0.74537504,1.0,0.2460816045793257,Keloid
T_cell,Pericyte_SMC,TGFB1,CAV1,1.2165854,0.0,0.8090472,0.5617215117859582,1.1802632410605238,0.12832507,0.92345476,0.07762764502292402,0.2466255714615213,Keloid
T_cell,Endothelial,LGALS1,ITGB1,1.1140033,1.0,1.2279428,-0.15452751525791034,-0.5419497139298781,0.01979455,0.93695927,1.0,0.247511705020791,Keloid
Pericyte_SMC,T_cell,FN1,CD44,1.10916,0.0,1.21774,0.27957280011780117,0.5180780499108363,0.058878005,0.93671244,0.3362627358986029,0.2546484804592927,Keloid
Endothelial,Fibroblast,LGALS1,ITGB1,1.1054506,1.0,1.0322838,-0.10563824062530691,-0.7814995496144654,0.016640509,0.9316347,1.0,0.25644596141165743,Keloid
Myeloid,Fibroblast,CD14,ITGB1,1.1026337,0.0,1.0236018,0.6567720240514163,1.539803280871448,0.22472787,0.93136525,0.024725142400367682,0.26005678938009563,Keloid
T_cell,Keratinocyte,POSTN,ITGAV_ITGB5,0.23574749,1.0,0.04804802,-0.25556071335226155,-1.219726537410506,0.008220543,0.74619335,1.0,0.2633294803867343,Keloid
Keratinocyte,Pericyte_SMC,LGALS1,ITGB1,1.087972,1.0,0.8923347,-0.10729355475943364,-0.5328193489208801,0.014384518,0.9268468,1.0,0.2728601448411232,Keloid
Myeloid,Fibroblast,F13A1,ITGB1,1.087858,0.0,0.9780618,0.670056413168406,1.5514217145837554,0.2470158,0.92989635,0.02122886262680728,0.27378444709406086,Keloid
Pericyte_SMC,Fibroblast,LUM,ITGB1,1.0828902,0.0,0.96275073,0.15592720690528378,-0.012622674775417897,0.035359327,0.9293803,1.0,0.2793574788792723,Keloid
T_cell,T_cell,TGFB1,CXCR4,1.1476314,0.0,0.7542399,0.8968896183952184,2.1037886103770926,0.25663424,0.92093843,0.01045176882509365,0.2840370733044285,Keloid
Pericyte_SMC,Myeloid,FN1,PLAUR,1.0788591,0.0,1.1437485,0.5378338694465665,1.1685185740838588,0.13332939,0.9348287,0.07762764502292402,0.2849768410336501,Keloid
Myeloid,Pericyte_SMC,VEGFA,ITGB1,1.0774302,0.0,0.85801584,0.46768086624998967,1.1267327723920102,0.10953311,0.92550606,0.07762764502292402,0.28686021412948687,Keloid
Fibroblast,Myeloid,FBLN1,ITGB1,1.0761862,0.0,0.9224514,0.45198474514022163,0.8206142884619673,0.06441718,0.9279641,0.25927577694216813,0.2878038166944028,Keloid
Myeloid,Pericyte_SMC,TGFB1,VASN,0.22150862,0.0,0.049059533,0.1778921571077375,0.41959364624812323,0.07943306,0.7481611,0.42619998930790215,0.2947632386238226,Keloid
Myeloid,Pericyte_SMC,TIMP2,ITGB1,1.0690823,0.0,0.83083934,0.22983165504308553,0.5097798530209998,0.043901887,0.9243889,0.7318336748012351,0.297309804510278,Keloid
Myeloid,Pericyte_SMC,LUM,ITGB1,1.0674284,0.0,0.82545525,0.1472938373699447,0.15170241695075082,0.030316822,0.9241614,1.0,0.3001862507692489,Keloid
Fibroblast,Pericyte_SMC,HSPG2,ITGB1,1.057119,0.0,0.7918932,0.378624060408439,0.7497617773512735,0.07873161,0.9226939,0.12836094532237202,0.30694189763543145,Keloid
Myeloid,Pericyte_SMC,TGFB1,ITGB5,0.22277737,0.0,0.049628098,0.10796479282617136,0.23429560567017205,0.051923316,0.7492451,0.7768208924189586,0.3146406969036819,Keloid
Keratinocyte,Fibroblast,LGALS1,ITGB1,1.0446221,1.0,0.8448053,-0.1414561082123444,-0.7450814686627425,0.01361834,0.9249694,1.0,0.3226121790238087,Keloid
Myeloid,Fibroblast,VEGFA,ITGB1,1.0340801,0.0,0.8123144,0.4335183127970789,0.9144706526501478,0.103698924,0.9235971,0.07762764502292402,0.3335677783236214,Keloid
Fibroblast,Keratinocyte,FBLN1,ITGB1,1.0306063,0.0,0.78008705,0.41606463689141737,0.6483920699719481,0.054475516,0.92215645,0.4201653943869615,0.3375880039579601,Keloid
Myeloid,Fibroblast,TIMP2,ITGB1,1.0257323,0.0,0.7865854,0.19566910159017478,0.29751773327913744,0.041563492,0.9224537,0.8305016309832578,0.34365443539299495,Keloid
Myeloid,Fibroblast,LUM,ITGB1,1.0240784,0.0,0.7814881,0.11313128391703395,-0.06055970279111156,0.028702023,0.9222208,1.0,0.3456862038965297,Keloid
Pericyte_SMC,Myeloid,FN1,CD44,1.0138121,0.0,0.98491114,0.1919280961003016,0.3338768684568425,0.047620676,0.9301235,0.6085335040694703,0.35591616877575327,Keloid
Fibroblast,Fibroblast,HSPG2,ITGB1,1.0137689,0.0,0.74971366,0.34446150695552824,0.5374996576094111,0.07453804,0.920719,0.15868148392791337,0.3569456718766725,Keloid
Fibroblast,Fibroblast,FN1,SDC2,1.3201684,0.0,0.6627825,0.6677965221263741,1.4207874665932665,0.15379594,0.91610265,0.07762764502292402,0.3610754444433176,Keloid
Fibroblast,T_cell,VCAN,ITGB1,1.0090685,0.0,0.93233687,0.3800671572417931,0.8192990279315604,0.06617573,0.9283196,0.2422966782334094,0.3621108661762701,Keloid
Fibroblast,T_cell,TIMP2,ITGB1,1.0065265,0.0,0.92869675,0.2641291364038158,0.4937667933764174,0.049072713,0.92818934,0.5586364717988659,0.3662640612147546,Keloid
T_cell,Pericyte_SMC,TGFB1,ITGB1,1.0125793,0.0,0.6468953,0.44041677260920337,1.059750394024364,0.103088886,0.91516554,0.07762764502292402,0.3756767548206511,Keloid
Fibroblast,Endothelial,FBN1,ITGB1,0.9981609,0.0,0.99632275,0.40858052621056223,0.7235488199472025,0.085358776,0.93049693,0.09484564425424008,0.3767283893527048,Keloid
Fibroblast,Endothelial,FN1,ROBO4,1.3156518,0.0,0.64146924,0.849012425331537,1.6864912251004458,0.3732962,0.914838,0.0028261124741503947,0.37778117468570077,Keloid
Pericyte_SMC,Pericyte_SMC,FBN1,ITGB1,1.0108795,0.0,0.6413615,0.28264861331504265,0.6288145330205112,0.05494789,0.91483146,0.40926866988961036,0.3788351094187894,Keloid
Pericyte_SMC,Keratinocyte,FN1,ITGAV_ITGB1,0.71537715,0.0,0.25616625,0.14397958397163885,0.08427234942317618,0.045271024,0.871605,0.7242793258878336,0.38074745085528394,Keloid
Keratinocyte,Fibroblast,TIMP2,ITGB1,0.8529749,0.0,0.2541337,0.0228056171888123,-0.34231153992229235,0.013428528,0.87115854,1.0,0.38694266434714364,Keloid
Myeloid,Endothelial,FBLN1,ITGB1,0.6265775,1.0,0.25336376,-0.08530122882265141,-0.395599794309215,0.01769305,0.8709882,1.0,0.3892829277661065,Keloid
Endothelial,Endothelial,ADAM15,ITGB1,0.630604,0.0,0.26141447,0.21116411591058062,0.3013650693546696,0.08381529,0.8727355,0.31640294770174054,0.3892829277661065,Keloid
Fibroblast,Endothelial,SPON2,ITGB1,0.98286927,0.0,0.96574795,0.4660937998431756,0.8726733691749107,0.10301908,0.9294822,0.07762764502292402,0.39478115296918026,Keloid
Fibroblast,Endothelial,TGFB3,ENG,0.59926146,0.0,0.24979869,0.6898208614111504,1.314741930979431,0.32473564,0.8701899,0.02575780974387809,0.4011264407299838,Keloid
Fibroblast,Endothelial,CLEC11A,ITGB1,0.97865653,0.0,0.9573249,0.4321740449570706,0.7728507846364969,0.09237006,0.92919457,0.07762764502292402,0.4012308641642243,Keloid
Pericyte_SMC,Endothelial,FN1,ITGA2,0.71232426,0.0,0.24871136,0.2713179052191106,0.38869427909150484,0.09728126,0.8699434,0.19073931473968703,0.4027235579744878,Keloid
Keratinocyte,Pericyte_SMC,LUM,ITGB1,1.0021652,0.0,0.6129922,0.09980336974021564,-0.1596895338019434,0.022513608,0.9130524,1.0,0.40447081596012824,Keloid
Pericyte_SMC,Fibroblast,FN1,SDC1,0.7202313,0.0,0.2680195,0.17332673756267522,0.2462946687700182,0.05316952,0.87411475,0.44678569607965,0.40834663297371565,Keloid
Keratinocyte,Pericyte_SMC,TIMP2,ITGB1,0.8963249,0.0,0.26843148,0.05696817064172305,-0.13004942018042998,0.014184028,0.8741993,1.0,0.4107724775235527,Keloid
Fibroblast,Endothelial,TGFB3,ITGB1,0.6341764,0.0,0.26855725,0.20305443995390535,0.2623713895587376,0.08289805,0.874225,0.3815562268962954,0.4115831746343599,Keloid
T_cell,T_cell,LGALS1,ITGB1,0.9721489,1.0,0.87946725,-0.266318911148214,-0.6597159000987234,0.014177093,0.92635286,1.0,0.4142506965074584,Keloid
Pericyte_SMC,Pericyte_SMC,CXCL12,ITGB1,0.99884963,0.0,0.6021985,0.31947685257153446,0.6823807122847784,0.06723381,0.91234463,0.2261654854629782,0.4153428774350146,Keloid
Pericyte_SMC,Pericyte_SMC,FN1,CD44,0.97021514,0.0,0.87845224,0.15185340484768522,0.19203011329191955,0.042473365,0.92631346,0.7847820971400137,0.4208203079016218,Keloid
T_cell,Fibroblast,TGFB1,ITGB1,0.9692293,0.0,0.612439,0.4062542191562926,0.8474882742825016,0.09759795,0.9130165,0.07762764502292402,0.4219190700858804,Keloid
Fibroblast,Pericyte_SMC,POSTN,ITGAV_ITGB5,1.4439276,0.0,0.590571,0.5672832955708649,1.455431649787982,0.10104088,0.91156185,0.07762764502292402,0.42522190282570105,Keloid
Pericyte_SMC,Fibroblast,FBN1,ITGB1,0.9675295,0.0,0.60719997,0.24848605986213188,0.4165524132786488,0.05202114,0.9126748,0.47684751736671316,0.42522190282570105,Keloid
Myeloid,Endothelial,PLAU,ITGB1,0.6373707,0.0,0.27494404,0.13569123180926596,0.3850545014598582,0.06045388,0.8755115,0.6151641539219503,0.42969031922970735,Keloid
Endothelial,Pericyte_SMC,TIMP2,ITGB1,0.9934965,0.0,0.58477145,0.1541994201142158,0.24839668492755496,0.030899562,0.9111633,1.0,0.4307483606312406,Keloid
Pericyte_SMC,Fibroblast,POSTN,ITGAV_ITGB5,0.5668236,1.0,0.2766216,0.03711481053000175,-0.11695655233431512,0.038750917,0.87584263,1.0,0.4330385316870901,Keloid
Pericyte_SMC,Pericyte_SMC,FN1,ITGAV_ITGB1,0.72488815,0.0,0.27939102,0.16000859111981472,0.22956747605013011,0.04937543,0.87638324,0.5524688634915157,0.4389397117183745,Keloid
Pericyte_SMC,Pericyte_SMC,NID1,ITGB1,0.9918316,0.0,0.5793514,0.4474868306239539,0.9960373091576609,0.11904407,0.9107857,0.07762764502292402,0.4407640039290609,Keloid
Keratinocyte,Fibroblast,LUM,ITGB1,0.95881516,0.0,0.58034176,0.06564081628730489,-0.37195165354380577,0.02131444,0.910855,1.0,0.44188220720159754,Keloid
Pericyte_SMC,Fibroblast,POSTN,PTK7,0.5497338,1.0,0.25002408,0.13532167477979334,0.05281290219567014,0.06375649,0.8702408,1.0,0.4423357396919987,Keloid
Myeloid,Endothelial,VCAN,ITGB1,0.6400472,1.0,0.28029555,-0.06883298139735267,-0.3104041341191792,0.019894915,0.87655824,1.0,0.4431874373694385,Keloid
Keratinocyte,T_cell,LUM,ITGB1,0.5463014,1.0,0.2696437,-0.2594490359976305,-0.8997362406687671,0.00990331,0.8744468,1.0,0.4483207429701561,Keloid
Pericyte_SMC,T_cell,FBN1,ITGB1,0.55501574,1.0,0.2821228,-0.07660379242280348,-0.11123217384631257,0.024170538,0.8769094,1.0,0.4483207429701561,Keloid
Keratinocyte,Pericyte_SMC,FN1,CD44,0.5433698,1.0,0.2642339,-0.15763270510984947,-0.705644872922933,0.0127757685,0.87333006,1.0,0.45176507653468023,Keloid
Pericyte_SMC,Fibroblast,CXCL12,ITGB1,0.9554996,0.0,0.57012296,0.2853142991186237,0.470118592542916,0.06365266,0.91013116,0.26988235946595096,0.451993872289841,Keloid
Pericyte_SMC,Keratinocyte,FN1,ITGA2,0.72636133,0.0,0.28298834,0.30557983566497193,0.4115340579862145,0.110688396,0.87707454,0.1757132653197765,0.4526288315746221,Keloid
Pericyte_SMC,T_cell,CXCL12,ITGB1,0.5429859,1.0,0.26489574,-0.039775553166311636,-0.057665994582045355,0.02957488,0.87346834,1.0,0.45522685375028715,Keloid
T_cell,T_cell,TGFB1,ITGB1,0.5567156,0.96,0.284557,0.08116436687135727,0.3197036871575403,0.045346852,0.87737226,1.0,0.45870627051050694,Keloid
T_cell,Fibroblast,TGFB1,CAV1,0.55852735,0.98,0.28599706,0.08193230558225643,0.06960544899802468,0.045362733,0.8776435,1.0,0.4630803767708102,Keloid
Fibroblast,Myeloid,VCAN,ITGB1,0.94639796,0.0,0.7691272,0.33067851461904874,0.5769506366477585,0.054591376,0.9216471,0.4171722423113808,0.46789252033015927,Keloid
Fibroblast,Myeloid,HSPG2,ITGB1,0.53858477,1.0,0.28736058,-0.030016987952151436,-0.23263332079935217,0.028569967,0.8778987,1.0,0.4683660253590796,Keloid
Pericyte_SMC,Endothelial,FBLN1,ITGB1,0.615328,1.0,0.23087105,-0.09731313543566927,-0.46323603879611236,0.016122326,0.8656743,1.0,0.4692508063307183,Keloid
Endothelial,T_cell,TIMP2,ITGB1,0.5376327,1.0,0.2572299,-0.20505298562363028,-0.49165002193926877,0.013592132,0.87183666,1.0,0.47102370971550617,Keloid
Endothelial,Pericyte_SMC,FN1,CD44,0.5601681,1.0,0.28840616,-0.14545298571458062,-0.7602660911742707,0.013944503,0.87809324,1.0,0.4719119898497488,Keloid
Fibroblast,Myeloid,TIMP2,ITGB1,0.943856,0.0,0.7661243,0.21474049378107146,0.25141840209261546,0.04048232,0.92150575,0.8747174710462544,0.473619981482177,Keloid
Pericyte_SMC,Endothelial,LGALS3BP,ITGB1,0.645046,0.0,0.2902904,0.17263063076168692,0.3161511929023795,0.06899804,0.87844133,0.45099070896100424,0.473691585614626,Keloid
Pericyte_SMC,Keratinocyte,FN1,SDC1,0.9421202,0.0,0.80984753,0.5824222122492745,0.7739912367911802,0.16065697,0.9234897,0.07762764502292402,0.47591814832665286,Keloid
Pericyte_SMC,T_cell,NID1,ITGB1,0.5359678,0.98,0.25484574,0.08823442488610776,0.25599060229083714,0.052365236,0.8713155,1.0,0.47636951643236125,Keloid
Endothelial,Fibroblast,TIMP2,ITGB1,0.95014644,0.0,0.5536241,0.12003686666130506,0.03613456518569258,0.029253723,0.9089229,1.0,0.48052676749810075,Keloid
Pericyte_SMC,Pericyte_SMC,CLEC11A,ITGB1,0.9838022,0.0,0.5532118,0.27341521758207465,0.6031044871460284,0.05337813,0.9088921,0.4353734722292726,0.48168142279607506,Keloid
Pericyte_SMC,Fibroblast,NID1,ITGB1,0.94848156,0.0,0.5484928,0.41332427717104314,0.7837751894157985,0.11270329,0.90853673,0.07762764502292402,0.4851516926008975,Keloid
Endothelial,Keratinocyte,FN1,SDC1,0.53207314,0.26,0.2658824,0.28511582168700866,-0.17830496767501003,0.052745566,0.8736737,1.0,0.4871820074608293,Keloid
Keratinocyte,Myeloid,FN1,CD44,0.58696675,1.0,0.29625618,-0.1175580138572331,-0.56379811775801,0.014324053,0.8795233,1.0,0.49082219734600296,Keloid
Myeloid,Endothelial,TGFB1,ITGB1,0.61189306,0.08,0.22400306,0.045698270313127634,0.002055496553297953,0.03569701,0.8639087,1.0,0.49173502912057615,Keloid
Fibroblast,Keratinocyte,FN1,ITGA2,1.2956034,0.0,0.5468642,0.7183113939333499,1.5072788152670737,0.21390112,0.9084131,0.024929506956071188,0.49211945775742627,Keloid
Pericyte_SMC,T_cell,CLEC11A,ITGB1,0.5279384,1.0,0.24334742,-0.08583718815577145,-0.13694221972079534,0.02348003,0.868705,1.0,0.49356424770449964,Keloid
Fibroblast,Fibroblast,VEGFA,ITGB1,0.8675016,0.0,0.29890627,0.18899415637667347,0.21012290108545179,0.03815796,0.8799943,0.97592886104999,0.497236120885831,Keloid
Myeloid,Myeloid,LUM,ITGB1,0.54889417,1.0,0.29953954,-0.26134721099064573,-0.8306926811998748,0.011001307,0.88010603,1.0,0.4990789481558346,Keloid
Fibroblast,Endothelial,LGALS3BP,ITGB1,0.6110709,0.01,0.22235912,0.10286165552835937,0.10219735497892718,0.05285171,0.86347514,1.0,0.5018514732092025,Keloid
Myeloid,Myeloid,TGFB1,CAV1,0.24013805,1.0,0.057407964,-0.234266650237207,-0.9109995789301245,0.009105626,0.7626753,1.0,0.5026925557766259,Keloid
Keratinocyte,Keratinocyte,LGALS1,ITGB1,0.52385795,1.0,0.2738344,-0.5518547113688284,-1.687436665561525,0.004414236,0.87529093,1.0,0.503705679309852,Keloid
Fibroblast,Pericyte_SMC,FN1,ITGAV_ITGB1,1.2941303,0.0,0.5399125,0.5727401493881927,1.3253122333309892,0.09541614,0.90787953,0.07762764502292402,0.5049875052521193,Keloid
Endothelial,Fibroblast,FBN1,ITGB1,0.86831504,0.0,0.3014134,0.12552868835119582,0.0567366171937026,0.025823236,0.88043463,1.0,0.5055642833234535,Keloid
Myeloid,Myeloid,TIMP2,ITGB1,0.550548,1.0,0.3014933,-0.17880939331750492,-0.4726152451296258,0.015931027,0.8804486,1.0,0.5064954612396955,Keloid
Myeloid,Fibroblast,POSTN,ITGAV_ITGB5,0.5234413,1.0,0.24577881,0.009134238969248448,-0.19910215067636294,0.03443026,0.8692709,1.0,0.5064954612396955,Keloid
Pericyte_SMC,Endothelial,VCAN,ITGB1,0.65090895,1.0,0.30201304,-0.05691203579557189,-0.26694966000171416,0.021436386,0.88053924,1.0,0.5083609173259295,Keloid
T_cell,Myeloid,TGFB1,CXCR4,0.5801926,0.0,0.30321747,0.35755142385089506,0.7471008364758395,0.10317139,0.8807484,0.07762764502292402,0.5139850876576101,Keloid
Pericyte_SMC,Endothelial,VEGFA,ITGB1,0.6519023,0.02,0.30399925,0.056519541639379015,0.08906815947633295,0.03880812,0.8808836,1.0,0.5168126618114173,Keloid
Pericyte_SMC,Endothelial,FN1,ITGA6,0.9148452,0.0,0.7432452,0.5251142413709524,0.8802773986094407,0.15901347,0.92040217,0.07762764502292402,0.5203494374293052,Keloid
Endothelial,Pericyte_SMC,POSTN,ITGAV_ITGB5,0.7995853,0.0,0.3051414,0.15169672156244227,-0.08271617595911118,0.052206684,0.88108015,1.0,0.5215481860270783,Keloid
T_cell,Myeloid,LGALS1,ITGB1,0.9094784,1.0,0.7255126,-0.3157075537709584,-0.9020642913825253,0.011695331,0.91951317,1.0,0.5298847037714057,Keloid
Keratinocyte,Keratinocyte,FN1,SDC1,0.5152749,0.55,0.24359794,0.2729361022917398,-0.12368374942367233,0.04832479,0.8687636,1.0,0.5311060098188056,Keloid
Myeloid,Keratinocyte,VEGFA,ITGB1,0.5133161,1.0,0.2633028,0.023119709640594927,-0.027884544248634624,0.033612873,0.8731347,1.0,0.5359283163853679,Keloid
Keratinocyte,Endothelial,VEGFA,ITGB1,0.60699433,0.62,0.21420833,-0.009401813468039326,-0.2538904088824774,0.027345536,0.861259,1.0,0.537865314502986,Keloid
Myeloid,Myeloid,VEGFA,ITGB1,0.55889595,1.0,0.31135505,0.059039817889399215,0.14433767424138455,0.039747152,0.8821322,1.0,0.537865314502986,Keloid
Endothelial,Endothelial,HSPG2,ITGB1,0.90643907,0.0,0.81293035,0.3506800133717902,0.6860187803184136,0.08082317,0.9236238,0.11532340402731145,0.5406853574390663,Keloid
Pericyte_SMC,Fibroblast,CLEC11A,ITGB1,0.9404521,0.0,0.5237455,0.2392526641291639,0.390842367404166,0.05053499,0.90660036,0.5107136629110667,0.5406853574390663,Keloid
Pericyte_SMC,Keratinocyte,LUM,ITGB1,0.5621261,1.0,0.31206512,-0.2544713962512002,-0.9549778716742003,0.011461339,0.88225055,1.0,0.5417534726152002,Keloid
Keratinocyte,Fibroblast,CLEC11A,ITGB1,0.8721419,0.0,0.313208,0.1494104793768381,0.04063558417888219,0.030220717,0.8824403,1.0,0.5427285598649684,Keloid
Fibroblast,Pericyte_SMC,VEGFA,ITGB1,0.91085166,0.0,0.31572297,0.22315670982958422,0.42238502082731416,0.040304754,0.8828545,0.881673440562064,0.5456604959212743,Keloid
Fibroblast,Fibroblast,FN1,SDC1,1.2894734,0.0,0.5179375,0.5860582958310532,1.3420394260508774,0.10274807,0.90612715,0.07762764502292402,0.5479284666749041,Keloid
T_cell,Keratinocyte,TGFB1,ITGB5,0.273199,0.0,0.05920695,0.188243826545028,0.41879698273887866,0.061945178,0.76545644,0.385292367730566,0.5482921218634516,Keloid
Fibroblast,Keratinocyte,VCAN,ITGB1,0.9008181,0.0,0.65042585,0.2947584063702444,0.4047284181577393,0.04616615,0.9153766,0.6477486714908566,0.5491390004211285,Keloid
Keratinocyte,Endothelial,FBLN1,ITGB1,0.60567856,1.0,0.21157749,-0.10761656578769119,-0.5592340382892587,0.014775007,0.860519,1.0,0.549586085654638,Keloid
Endothelial,Endothelial,NID1,ITGB1,0.6056156,0.04,0.21145165,0.06509992828727042,0.059328001085431625,0.043448698,0.8604833,1.0,0.5505703728143334,Keloid
Pericyte_SMC,T_cell,VEGFA,ITGB1,0.510048,1.0,0.21772787,-0.05527185425092466,-0.028698026692512313,0.027794836,0.86222976,1.0,0.5515558344861743,Keloid
Endothelial,Endothelial,VCAN,ITGB1,0.6054077,1.0,0.21103598,-0.1068501746745436,-0.48931556701985585,0.014978984,0.8603651,1.0,0.5525424713704935,Keloid
Myeloid,Endothelial,TGFB1,CAV1,1.2586955,0.0,0.5138555,0.5083630132523967,0.9594638640964577,0.08150395,0.9057901,0.11120679922192202,0.5527760102853921,Keloid
Fibroblast,Keratinocyte,TIMP2,ITGB1,0.89827615,0.0,0.64788634,0.17882038553226717,0.07919618360259628,0.03423458,0.91522497,1.0,0.5539902872759803,Keloid
Myeloid,Keratinocyte,F13A1,ITGB1,0.5670939,0.35,0.31702805,0.259657810011922,0.609066517684973,0.08006747,0.88306767,0.9515739226718544,0.5545194476461552,Keloid
Pericyte_SMC,T_cell,VCAN,ITGB1,0.5090546,1.0,0.21630535,-0.16870343168587557,-0.38471584617055943,0.015352996,0.86183995,1.0,0.5555096145770562,Keloid
Fibroblast,Pericyte_SMC,TGFB3,ITGB5,0.24506071,0.0,0.059499126,0.2653209624669491,0.4946114986756117,0.120579906,0.76589805,0.15204103459141596,0.5562810055657151,Keloid
Endothelial,Pericyte_SMC,FBN1,ITGB1,0.9116651,0.0,0.31837115,0.15969124180410657,0.268998736935565,0.02727607,0.88328576,1.0,0.5584873611523202,Keloid
Myeloid,Fibroblast,POSTN,PTK7,0.5063516,1.0,0.22214687,0.10734110321904006,-0.02933269614637768,0.05664776,0.8634188,1.0,0.5634737692279486,Keloid
Myeloid,Endothelial,FN1,ITGA6,0.56926614,0.0,0.32250527,0.27455061630813077,0.38706824075527535,0.06899834,0.88394916,0.20788690127004658,0.5705045819887489,Keloid
Myeloid,Keratinocyte,TIMP2,ITGB1,0.50496817,1.0,0.25496304,-0.2147295015663092,-0.644837463619645,0.013472351,0.8713413,1.0,0.5715136820189297,Keloid
Myeloid,Endothelial,TGFB1,ENG,0.57697815,0.0,0.20835657,0.5324646917703727,1.0544260379739914,0.1398355,0.85959584,0.07762764502292402,0.5715136820189297,Keloid
Endothelial,Endothelial,FN1,ITGA6,0.50479823,0.7,0.24401608,0.2278078508086866,-0.07201880585674958,0.052205984,0.8688613,1.0,0.5725241490848946,Keloid
T_cell,Keratinocyte,TGFB1,CAV1,0.50384337,1.0,0.24253209,0.04206224050062429,-0.19307417836257612,0.038468637,0.8685134,1.0,0.5735356284642628,Keloid
Endothelial,Myeloid,FN1,CD44,0.6037651,1.0,0.32335785,-0.10537829446196426,-0.6184193360093477,0.015634425,0.88408446,1.0,0.5755621597849221,Keloid
Myeloid,Keratinocyte,LUM,ITGB1,0.5033143,1.0,0.25331083,-0.29726731923945005,-1.002914899689894,0.009303447,0.87097645,1.0,0.5755621597849221,Keloid
Pericyte_SMC,T_cell,LGALS3BP,ITGB1,0.50319165,1.0,0.20790944,0.06083923487138325,0.1983850067335342,0.04941722,0.8594661,1.0,0.5775936380545243,Keloid
Keratinocyte,Myeloid,LGALS1,ITGB1,0.56943786,1.0,0.3238086,-0.515934603120024,-1.5152144470715059,0.0052198246,0.88415587,1.0,0.5786110777498542,Keloid
Endothelial,Fibroblast,VCAN,ITGB1,0.87606704,0.0,0.32530564,0.10644828172008809,-0.07929716606373977,0.023089657,0.88439184,1.0,0.5837165623198509,Keloid
Fibroblast,Keratinocyte,FN1,ITGAV_ITGB1,1.2846193,0.0,0.49503154,0.5567111422400168,1.1800171067040353,0.08748454,0.90418565,0.0887724180424041,0.5858833387578912,Keloid
Endothelial,Keratinocyte,POSTN,ITGAV_ITGB5,0.76333,0.0,0.2052449,0.08471826283276558,-0.33362917566349215,0.035115384,0.8586854,1.0,0.586794004060832,Keloid
Endothelial,Fibroblast,NID1,ITGB1,0.87627494,0.0,0.3259464,0.2783983846819021,0.4693464020415477,0.06697486,0.8844924,0.22996118700169438,0.586794004060832,Keloid
Pericyte_SMC,Pericyte_SMC,VEGFA,ITGB1,0.96591175,0.0,0.49496984,0.30398055148692144,0.7113486801743114,0.06318716,0.9041802,0.2785992599819447,0.58712218748766,Keloid
Keratinocyte,Fibroblast,FBLN1,ITGB1,0.8763379,0.0,0.32614034,0.1056818906069405,-0.14921563733314253,0.02277523,0.8845228,1.0,0.5888518105279364,Keloid
Pericyte_SMC,Pericyte_SMC,VCAN,ITGB1,0.9649184,0.0,0.49173594,0.19054897405197052,0.3553308606962643,0.034902606,0.9038959,1.0,0.5945743409319397,Keloid
Keratinocyte,Endothelial,CLEC11A,ITGB1,0.60148257,1.0,0.20318787,-0.06388797701779357,-0.3693828167772339,0.019605126,0.8580731,1.0,0.5960917380703564,Keloid
Keratinocyte,Fibroblast,VEGFA,ITGB1,0.87765366,0.0,0.33019572,0.20389664292659235,0.1561279920736387,0.042152327,0.8851524,0.8025120333104755,0.5992126685840606,Keloid
Keratinocyte,Pericyte_SMC,CLEC11A,ITGB1,0.91549194,0.0,0.33082935,0.18357303282974885,0.25289770392074457,0.03192096,0.88524985,1.0,0.6012992066324985,Keloid
Myeloid,Keratinocyte,CD14,ITGB1,0.5818696,0.15,0.3317893,0.24637342089493233,0.5974480839726655,0.07284308,0.8853969,1.0,0.6065369155814504,Keloid
Myeloid,T_cell,VCAN,ITGB1,0.49819282,1.0,0.20075102,-0.18062437728765635,-0.4281703202880245,0.014248975,0.85733676,1.0,0.607588241925395,Keloid
T_cell,Myeloid,TGFB1,ITGB1,0.49404508,1.0,0.23474404,0.03177572424861291,0.07735529587373835,0.037408687,0.8666386,1.0,0.607588241925395,Keloid
Pericyte_SMC,Endothelial,FN1,ROBO4,0.7464096,0.0,0.33194405,0.43628086706315894,0.5907464678195866,0.19317129,0.88542056,0.07762764502292402,0.6086405972113034,Keloid
Fibroblast,Keratinocyte,HSPG2,ITGB1,0.4930049,1.0,0.24301149,-0.06593709620095572,-0.40485553928937135,0.02416069,0.8686262,1.0,0.6139207904289263,Keloid
Endothelial,Endothelial,VWF,ITGB1,0.8726538,0.0,0.7453787,0.4881116738149338,0.9239031911906335,0.1360347,0.92050713,0.07762764502292402,0.6158610476609597,Keloid
Endothelial,Keratinocyte,LGALS1,ITGB1,0.5846866,1.0,0.3346035,-0.5160368437817909,-1.7238547465132479,0.005393839,0.88582474,1.0,0.6160415009857374,Keloid
Pericyte_SMC,Myeloid,FBN1,ITGB1,0.49234527,1.0,0.23273596,-0.12599243504554783,-0.3535805651301145,0.019939378,0.8661413,1.0,0.6171035917735693,Keloid
Fibroblast,Endothelial,FN1,ITGA2,1.2815664,0.0,0.48062527,0.6840494634874886,1.484439036372364,0.18799233,0.90289867,0.041486925758332016,0.6171210863528708,Keloid
Pericyte_SMC,Endothelial,TIMP2,ITGB1,0.87067837,0.0,0.741429,0.09804704412426621,0.1602972554842479,0.039177407,0.9203125,0.9279038198091031,0.6234338316120207,Keloid
Myeloid,Fibroblast,TGFB1,SDC2,0.25248688,0.0,0.06294186,0.17505629907669631,0.29313307957162793,0.07079794,0.77090305,0.4374319720573727,0.6247924426237472,Keloid
Keratinocyte,Endothelial,FN1,ITGA6,0.48799992,0.89,0.2235643,0.21562813141341775,-0.01739758760541188,0.04783043,0.86379343,1.0,0.6277922844270477,Keloid
Endothelial,Fibroblast,POSTN,ITGAV_ITGB5,0.86657923,0.0,0.48973405,0.2304505009062423,0.028146696945457905,0.068605065,0.9037186,0.871254961800803,0.6323076296638147,Keloid
Pericyte_SMC,Pericyte_SMC,LGALS3BP,ITGB1,0.95905536,0.0,0.4726492,0.4200916406092293,0.9384317136003579,0.11234223,0.9021626,0.07762764502292402,0.6335787503297691,Keloid
Pericyte_SMC,Endothelial,CLEC11A,ITGB1,0.6697928,0.17,0.33977014,0.025954207734532223,-0.019176033551950078,0.032783635,0.88659734,1.0,0.6342642070007747,Keloid
Myeloid,T_cell,PLAU,ITGB1,0.4955163,1.0,0.1969182,0.02389983591896229,0.26728831529101293,0.04329779,0.8561538,1.0,0.6386035027375605,Keloid
T_cell,Keratinocyte,LGALS1,ITGB1,0.8638986,1.0,0.61354244,-0.35162766201976264,-1.0742865098725445,0.009890361,0.91308796,1.0,0.6399466293711946,Keloid
Myeloid,Fibroblast,TGFB1,VASN,0.25352794,0.0,0.06340839,0.2483092738953595,0.4248534845039385,0.10266552,0.7715545,0.18744130631188996,0.6404187748201011,Keloid
Fibroblast,Fibroblast,LGALS3BP,ITGB1,0.8817302,0.0,0.34275994,0.31616011192299104,0.5122157559350433,0.08146933,0.887037,0.11194694175536031,0.6407806485551457,Keloid
Pericyte_SMC,Fibroblast,FN1,SDC2,0.75092626,0.0,0.3429731,0.25506496385799604,0.3250427093124074,0.07958549,0.88706815,0.2785992599819447,0.6418709786558148,Keloid
Myeloid,Fibroblast,FN1,CD44,0.4844349,1.0,0.23262043,-0.2275847558601814,-0.7345411950887195,0.011247249,0.86611253,1.0,0.6418709786558148,Keloid
Myeloid,Pericyte_SMC,TGFB1,LPP,0.5507834,0.0,0.1966179,0.37091267068193884,0.8647329303859199,0.09131805,0.85605985,0.07762764502292402,0.6418709786558148,Keloid
Keratinocyte,Myeloid,LUM,ITGB1,0.48363096,1.0,0.22244138,-0.3088376786203748,-1.142084631952569,0.008169692,0.8634969,1.0,0.6440555403247173,Keloid
Pericyte_SMC,Fibroblast,VEGFA,ITGB1,0.92256165,0.0,0.4686057,0.2698179980340107,0.49908656043244903,0.05982155,0.90178275,0.32292230502299485,0.6450560267003598,Keloid
Endothelial,Pericyte_SMC,VCAN,ITGB1,0.9194171,0.0,0.34360757,0.14061083517299883,0.1329649536781226,0.024388699,0.8871607,1.0,0.6451495811768246,Keloid
Keratinocyte,Myeloid,FN1,PLAUR,0.6520137,0.0,0.34403363,0.22834775948903185,0.2708435878690063,0.040104795,0.8872227,0.8921850794005765,0.646244860274283,Keloid
Endothelial,Pericyte_SMC,NID1,ITGB1,0.919625,0.0,0.3442844,0.31256093813481284,0.68160852178341,0.07074293,0.8872591,0.19296203640455054,0.6473413783174256,Keloid
Endothelial,Endothelial,FBN1,ITGB1,0.5976557,1.0,0.19553633,-0.08776976804343586,-0.3532817837624135,0.016752344,0.8557197,1.0,0.6484393292128912,Keloid
Keratinocyte,Pericyte_SMC,FBLN1,ITGB1,0.9196879,0.0,0.34448928,0.13984444405985125,0.06304648240871985,0.024056584,0.88728887,1.0,0.6495383274666389,Keloid
Myeloid,Fibroblast,TGFB1,ITGB1,0.8825524,0.0,0.345294,0.2589967267077593,0.41207389750941403,0.055025868,0.8874055,0.40828867950028197,0.6517400478148798,Keloid
Fibroblast,T_cell,FBN1,ITGB1,0.85630655,0.0,0.7135782,0.29678913032025855,0.6057826337783573,0.061134975,0.9188972,0.3044457711972095,0.6527451077655116,Keloid
Pericyte_SMC,Fibroblast,VCAN,ITGB1,0.9215683,0.0,0.46554407,0.15638642059905977,0.14306874095440192,0.03304355,0.9014921,1.0,0.6540294298051316,Keloid
Fibroblast,Endothelial,ADAM12,ITGB1,0.8514812,0.0,0.7030454,0.3962907452142914,0.7043371954479921,0.10270844,0.9183414,0.07762764502292402,0.6566006460032128,Keloid
Fibroblast,Endothelial,VEGFA,ITGB1,0.5968423,0.89,0.19390988,-0.02430430001795822,-0.1998954998706643,0.024754263,0.8552033,1.0,0.6594856336850763,Keloid
Fibroblast,Endothelial,CXCL12,ITGB1,0.84943694,0.0,0.698958,0.2864104221362494,0.7373546266855212,0.07803673,0.9181225,0.13210088214607618,0.6604636539584063,Keloid
Pericyte_SMC,Myeloid,CXCL12,ITGB1,0.4803154,1.0,0.21852458,-0.08916419578905599,-0.3000143858658473,0.024397667,0.86244655,1.0,0.6628238966167711,Keloid
Fibroblast,T_cell,HSPG2,ITGB1,0.60125524,0.99,0.34833884,0.019371654670592917,0.00971507048444975,0.034632545,0.8878434,1.0,0.6661734059276516,Keloid
Fibroblast,T_cell,TGFB3,ITGB1,0.49232203,1.0,0.1923439,0.09126304406360168,0.14460520338989236,0.059372574,0.85470045,1.0,0.6661734059276516,Keloid
T_cell,Pericyte_SMC,TGFB1,LPP,0.6374603,0.0,0.34873605,0.5181701631304722,1.3001473071590075,0.16196844,0.8879001,0.07762764502292402,0.6672923458510033,Keloid
Keratinocyte,Pericyte_SMC,VEGFA,ITGB1,0.9210037,0.0,0.3487728,0.2380591963795031,0.3683901118155011,0.04452385,0.88790536,0.7093462326743292,0.669534180530019,Keloid
Fibroblast,Keratinocyte,CXCL12,ITGB1,0.5993322,0.95,0.34923482,0.08931027537439709,0.20501783074285485,0.038991105,0.8879712,1.0,0.6706568795327957,Keloid
Myeloid,Pericyte_SMC,VCAN,ITGB1,0.95405656,0.0,0.45637563,0.17862802845018977,0.31187638657879924,0.03239279,0.9006054,1.0,0.6720962123751136,Keloid
Fibroblast,Keratinocyte,ADAM12,SDC4,0.48668915,0.0,0.18997116,0.6782065076435125,1.1051563160795714,0.3837527,0.8539281,0.06677860420712267,0.6740327037221077,Keloid
Myeloid,Pericyte_SMC,TGFB1,CAV1,1.1299086,0.0,0.45614204,0.41446401933742494,0.7448488642874362,0.07234987,0.9005825,0.17780351167458688,0.6746901945024417,Keloid
Fibroblast,T_cell,SPON2,ITGB1,0.84101486,0.0,0.6916802,0.35430240395287194,0.7549071830060654,0.073783495,0.91772825,0.16355613711214115,0.6746901945024417,Keloid
Fibroblast,Keratinocyte,ADAM12,ITGB1,0.6013765,0.4,0.3512771,0.1991905984524391,0.17200039950532575,0.05131834,0.8882609,1.0,0.6785513319600361,Keloid
Myeloid,Keratinocyte,FN1,SDC1,0.59654105,0.0,0.35140502,0.33185858718645284,0.2807820789370149,0.069711484,0.88827896,0.34827094372606004,0.6796840858451417,Keloid
Endothelial,Myeloid,TIMP2,ITGB1,0.47496223,1.0,0.21220067,-0.2544416282463746,-0.7339984132230707,0.01121277,0.8606954,1.0,0.680818099686889,Keloid
T_cell,Keratinocyte,TGFB1,LPP,0.28164667,0.04,0.065921515,0.0842203700742726,0.10088884313611035,0.030616865,0.7749619,1.0,0.6817535070324048,Keloid
Fibroblast,T_cell,CLEC11A,ITGB1,0.8368021,0.0,0.6856475,0.32038264906676694,0.6550845984676517,0.066156544,0.9173969,0.24295936961618161,0.6837937323796689,Keloid
Pericyte_SMC,Myeloid,NID1,ITGB1,0.47329736,1.0,0.21023387,0.03884578226336341,0.013642211007035221,0.04319847,0.86013615,1.0,0.6865074941487279,Keloid
Endothelial,Endothelial,LGALS1,ITGB1,0.8347913,1.0,0.6696749,-0.3189366970199386,-1.1915179505705815,0.01079522,0.9164994,1.0,0.6877071781995655,Keloid
Pericyte_SMC,Endothelial,NID1,ITGB1,0.67782223,0.0,0.35582447,0.20002582077641143,0.3737567884596824,0.073114164,0.8888976,0.33037644067476024,0.6910816426255262,Keloid
Keratinocyte,Fibroblast,POSTN,ITGAV_ITGB5,0.47100887,1.0,0.20850174,-0.024683536044741994,-0.4956453406984308,0.02920825,0.85963786,1.0,0.6922282952207378,Keloid
Myeloid,Pericyte_SMC,PLAU,ITGB1,0.9513801,0.0,0.44766235,0.3831522416568084,1.0073350221578368,0.09843068,0.89973927,0.07762764502292402,0.6929359958920402,Keloid
Pericyte_SMC,Fibroblast,FBLN1,ITGB1,0.88598734,0.0,0.3558808,0.11598532095896241,-0.05321763783999628,0.024852084,0.88890547,1.0,0.6933762154766172,Keloid
Pericyte_SMC,Fibroblast,LGALS3BP,ITGB1,0.9157053,0.0,0.44747394,0.3859290871563186,0.7261695938584956,0.10635842,0.89972025,0.07762764502292402,0.6942450916671189,Keloid
Myeloid,Endothelial,CD14,ITGB1,0.8319744,0.0,0.6640426,0.44347356765678464,1.1297848799153318,0.14578801,0.91617566,0.07762764502292402,0.6955550793854383,Keloid
Endothelial,T_cell,ADAM15,ITGB1,0.48874962,1.0,0.18722816,0.09937272002027696,0.18359888318582435,0.060029514,0.8530186,1.0,0.6956760642506102,Keloid
Pericyte_SMC,Fibroblast,FN1,CD44,0.830014,0.0,0.5360967,0.022978869202640292,-0.2413320372345542,0.025920395,0.9075825,1.0,0.7008025396325712,Keloid
Endothelial,Endothelial,TIMP2,ITGB1,0.6794871,1.0,0.35915333,-0.09326158973332663,-0.3738838357704235,0.018977808,0.8893566,1.0,0.7049259062543871,Keloid
Myeloid,Endothelial,FN1,ITGA5_ITGB1,0.4670451,0.94,0.21419469,0.1505204700302486,0.15367093091284423,0.05567005,0.8612551,1.0,0.7072510051561411,Keloid
Endothelial,Fibroblast,POSTN,PTK7,0.84948945,0.0,0.4426455,0.32865736515603394,0.19791615147544317,0.11287521,0.89922976,0.4935627680770042,0.7086967950521603,Keloid
Fibroblast,Pericyte_SMC,LGALS3BP,ITGB1,0.92508024,0.0,0.36204386,0.3503226653759018,0.7244778756769057,0.08605286,0.88975036,0.09257302339840973,0.7119169409827203,Keloid
Myeloid,T_cell,LUM,ITGB1,0.61156464,1.0,0.36310217,-0.2119585683679014,-0.5883442899160729,0.013335796,0.8898935,1.0,0.7142573787775589,Keloid
Pericyte_SMC,Myeloid,CLEC11A,ITGB1,0.46526793,1.0,0.20074838,-0.1352258307785158,-0.37929061100459727,0.019369747,0.857336,1.0,0.7142573787775589,Keloid
Myeloid,Pericyte_SMC,TGFB1,ITGB1,0.9259024,0.0,0.3647205,0.29315928016067005,0.6243360172512764,0.05812167,0.89011115,0.3491408051664649,0.7189538385518863,Keloid
Myeloid,Fibroblast,TGFB1,LPP,0.2622648,0.27,0.067323655,0.019035755702487184,-0.09601093969868613,0.031268083,0.7767918,1.0,0.7200638267191376,Keloid
Myeloid,Endothelial,F13A1,ITGB1,0.81719863,0.0,0.6344994,0.45675795677377434,1.1414033136276394,0.16024691,0.9144115,0.07762764502292402,0.7205895339342304,Keloid
Myeloid,T_cell,TIMP2,ITGB1,0.61321855,1.0,0.3654705,-0.12942075069476058,-0.2302668538458239,0.019311609,0.8902116,1.0,0.7213098726404941,Keloid
Myeloid,T_cell,FBLN1,ITGB1,0.48472315,1.0,0.18146214,-0.19709262471295508,-0.5133659804780603,0.0126719745,0.8510468,1.0,0.7224897136039734,Keloid
Keratinocyte,T_cell,FN1,CD44,0.68231463,1.0,0.3662899,-0.029913309839733532,-0.37959693630401625,0.0177102,0.89032096,1.0,0.7236708404376253,Keloid
Fibroblast,Pericyte_SMC,TGFB3,ITGB1,0.9481858,0.0,0.4372634,0.45051544980144775,0.8846519102567161,0.13497415,0.8986742,0.07762764502292402,0.725894698261861,Keloid
Pericyte_SMC,Endothelial,FN1,ITGA5_ITGB1,0.8126242,0.0,0.49363273,0.4010840950930703,0.6468800887670095,0.1282971,0.904063,0.07762764502292402,0.725894698261861,Keloid
Myeloid,Myeloid,FN1,C5AR1,0.46264732,0.74,0.20953493,0.2585668222283278,0.40674323435593285,0.09704852,0.85993576,1.0,0.7260371628447733,Keloid
Pericyte_SMC,Endothelial,LUM,ITGB1,0.8122308,1.0,0.6245666,-0.0573712494893479,-0.422641075731534,0.022938704,0.913792,1.0,0.7272229091472914,Keloid
Pericyte_SMC,Myeloid,LUM,ITGB1,0.60770595,1.0,0.36901635,-0.21855128800239593,-0.7827556531841812,0.013553009,0.8906825,1.0,0.7331666498520869,Keloid
T_cell,Endothelial,TGFB1,ENG,0.66365504,0.0,0.36955664,0.6797221842189061,1.489840414747079,0.24802257,0.89075375,0.01740991156656237,0.7343595914039518,Keloid
Myeloid,Fibroblast,FN1,PLAUR,0.4598099,1.0,0.20652846,-0.05784432391747074,-0.39566878247274895,0.024075495,0.85906315,1.0,0.7355536161400531,Keloid
Pericyte_SMC,Endothelial,CXCL12,ITGB1,0.68484026,0.0,0.36985666,0.07201584272399203,0.06010019158679991,0.041293476,0.8907932,0.9834795327300442,0.7367489344503533,Keloid
Pericyte_SMC,Keratinocyte,TIMP2,ITGB1,0.62057364,1.0,0.37045544,-0.0990531026375861,-0.37203954045841847,0.019575018,0.8908719,1.0,0.7391436654225655,Keloid
Pericyte_SMC,Myeloid,FN1,C5AR1,0.80822647,0.0,0.48289388,0.5091304472911494,0.8999523922100982,0.22365788,0.9031049,0.07762764502292402,0.739209433648089,Keloid
Endothelial,Keratinocyte,VWF,ITGB1,0.62254906,0.01,0.37242895,0.29101152705308153,0.3915663952479671,0.06796983,0.89112985,1.0,0.7415433687239444,Keloid
Pericyte_SMC,Fibroblast,FN1,PLAUR,0.805389,0.0,0.47596514,0.19271930114535096,0.09754037538141636,0.05548435,0.9024707,0.6975669974203744,0.7458942906707535,Keloid
Myeloid,Fibroblast,VCAN,ITGB1,0.9107065,0.0,0.4320672,0.14446547499727902,0.09961426683693686,0.030667415,0.89812857,1.0,0.7472334812581649,Keloid
Myeloid,Myeloid,F13A1,ITGB1,0.61267376,0.0,0.374885,0.2955779182607263,0.7812887361749922,0.094679624,0.8914483,0.0961629251538774,0.7524069597564792,Keloid
Endothelial,Myeloid,FN1,PLAUR,0.668812,0.0,0.375506,0.2405274788843007,0.2162223696176686,0.043773603,0.89152837,0.7379195769820125,0.7548352694387513,Keloid
Pericyte_SMC,Pericyte_SMC,FBLN1,ITGB1,0.9293374,0.0,0.37590292,0.15014787441187316,0.1590444819018661,0.026250284,0.89157945,1.0,0.7572690125014387,Keloid
Keratinocyte,Endothelial,LUM,ITGB1,0.68815583,1.0,0.3764859,-0.1476576401073268,-0.7819700544999219,0.013827346,0.8916543,1.0,0.7584877360532618,Keloid
Myeloid,T_cell,VEGFA,ITGB1,0.6215664,0.36,0.37742493,0.10842846051214357,0.3866860655251865,0.04818154,0.8917746,1.0,0.7646011866771699,Keloid
Endothelial,Pericyte_SMC,ADAM15,ITGB1,0.9446134,0.0,0.42563358,0.4586251257581231,0.9236455900526481,0.13646759,0.8974402,0.07762764502292402,0.7647073302231473,Keloid
Myeloid,T_cell,TGFB1,CXCR4,1.0609546,0.0,0.4252416,0.7496321259466852,1.6683742336040048,0.14469077,0.8973978,0.07762764502292402,0.7660563654991713,Keloid
Pericyte_SMC,Pericyte_SMC,FN1,SDC2,0.7958065,0.0,0.45256573,0.33916752447408005,0.577435234805719,0.105016015,0.9002296,0.07762764502292402,0.7674062205816932,Keloid
Myeloid,Fibroblast,PLAU,ITGB1,0.90803003,0.0,0.423818,0.34898968820389764,0.7950729024159743,0.09318785,0.8972433,0.07762764502292402,0.7701079098447823,Keloid
Fibroblast,Keratinocyte,POSTN,ITGAV_ITGB5,1.4076724,0.0,0.39723122,0.5003048368411882,1.204518650083601,0.06796235,0.89421815,0.21871524010573376,0.7704844889176649,Keloid
Keratinocyte,Fibroblast,POSTN,PTK7,0.45391908,1.0,0.18845403,0.07352332820504962,-0.32587588616844554,0.048056036,0.85342723,1.0,0.7732152074715879,Keloid
Fibroblast,Myeloid,FBN1,ITGB1,0.793636,0.0,0.5886632,0.24740048769751422,0.36343424249455536,0.05043303,0.9114314,0.515361766418875,0.774165607646933,Keloid
Myeloid,Keratinocyte,FN1,CD44,0.7933732,0.11,0.559963,0.05639458980313668,-0.1845999025148657,0.027074333,0.9093931,1.0,0.7768742450808444,Keloid
Myeloid,Pericyte_SMC,FN1,CD44,0.62463605,1.0,0.38117367,-0.09871022021513648,-0.30117904456224576,0.018429833,0.8922506,1.0,0.7769266790619782,Keloid
Pericyte_SMC,Pericyte_SMC,POSTN,ITGAV_ITGB5,0.49982965,1.0,0.17235619,-0.0416389688137983,-0.2278194252388842,0.029488448,0.84775406,1.0,0.778166397678945,Keloid
Myeloid,Keratinocyte,TGFB1,EGFR,0.26895565,0.0,0.07032203,0.3212788473847559,0.4498137405117575,0.12211899,0.78054655,0.1407040403935621,0.7829723786822209,Keloid
Myeloid,Myeloid,TGFB1,CXCR4,0.49351573,0.0,0.17095447,0.21029393140236174,0.3116864597027519,0.058168184,0.8472263,0.34827094372606004,0.7868818132712938,Keloid
Keratinocyte,Keratinocyte,FN1,CD44,0.71210706,1.0,0.38817266,-0.002527895091576332,-0.5890657308755529,0.018768234,0.8931221,1.0,0.7918911125033697,Keloid
Myeloid,Fibroblast,FBLN1,ITGB1,0.8972368,0.0,0.39055264,0.1279972275719803,0.014418606646901089,0.027273308,0.8934135,1.0,0.7956620618660852,Keloid
Myeloid,Pericyte_SMC,FN1,SDC2,0.45022738,1.0,0.19637509,0.08860389941125833,0.08422607695155371,0.04556803,0.8559837,1.0,0.7956620618660852,Keloid
Pericyte_SMC,Fibroblast,FN1,ITGAV_ITGB1,0.7882107,0.0,0.43401763,0.2667272369512711,0.3770681083155206,0.07670184,0.89833444,0.20262605824988494,0.795911470611877,Keloid
Myeloid,Myeloid,CD14,ITGB1,0.6274495,0.0,0.39234018,0.2822935291437366,0.7696703024626846,0.086136796,0.89363074,0.11570322553890322,0.8007085161619294,Keloid
Keratinocyte,T_cell,LGALS1,ITGB1,0.63210833,1.0,0.39252117,-0.46654596049727975,-1.2728660557877038,0.0063274777,0.8936527,1.0,0.8019733993582945,Keloid
Fibroblast,Fibroblast,TGFB3,ITGB1,0.9048357,0.0,0.41397297,0.416352896348537,0.6723897905148537,0.12778486,0.89615476,0.07762764502292402,0.8027424162821615,Keloid
Pericyte_SMC,Endothelial,FBN1,ITGB1,0.69687015,0.08,0.39390966,0.035187603467500196,0.006534012322532701,0.033747744,0.89382035,1.0,0.8045073837135549,Keloid
T_cell,Keratinocyte,TGFB1,ITGB1,0.44846523,1.0,0.19851539,-0.004144384000191376,-0.09486692261628082,0.031635307,0.8566506,1.0,0.8070464766355185,Keloid
Endothelial,Myeloid,LGALS1,ITGB1,0.6302664,1.0,0.39566794,-0.4801167355329866,-1.5516325280232288,0.0063782036,0.89403147,1.0,0.809591130358154,Keloid
Pericyte_SMC,Myeloid,VEGFA,ITGB1,0.44737747,1.0,0.17961365,-0.10466049687366902,-0.27104641797631424,0.022929229,0.8503967,1.0,0.8121409029155005,Keloid
Myeloid,Pericyte_SMC,FBLN1,ITGB1,0.9405869,0.0,0.41252542,0.16215978102489104,0.22668072638876346,0.028807728,0.8959917,1.0,0.8123337041234906,Keloid
T_cell,Pericyte_SMC,POSTN,ITGAV_ITGB5,0.2720028,1.0,0.07143387,-0.18858225462258485,-0.968813537706125,0.012221633,0.7818871,1.0,0.8127529781595061,Keloid
T_cell,Endothelial,TGFB1,ITGB1,0.69856995,0.0,0.39730838,0.19295576276166093,0.43746987332638554,0.06331485,0.8942273,0.35881720586736054,0.8172567230254276,Keloid
Fibroblast,Myeloid,SPON2,ITGB1,0.7783444,0.0,0.57059854,0.3049137613301276,0.5125587917222635,0.06086737,0.91016525,0.3083931526999387,0.8178288134370485,Keloid
Pericyte_SMC,Keratinocyte,FBN1,ITGB1,0.4467654,1.0,0.19681722,-0.16191254329435212,-0.5258027836201337,0.016862083,0.85612226,1.0,0.8185391953422791,Keloid
Pericyte_SMC,T_cell,FBLN1,ITGB1,0.47347367,1.0,0.1653526,-0.20910453132597295,-0.5810022249649576,0.011547003,0.84505767,1.0,0.8198227827265513,Keloid
Keratinocyte,Endothelial,TIMP2,ITGB1,0.58231556,1.0,0.16486451,-0.1904928392058194,-0.7523299408784084,0.008711508,0.844864,1.0,0.8211077113098433,Keloid
Pericyte_SMC,Myeloid,VCAN,ITGB1,0.4463841,1.0,0.17844014,-0.21809207430861993,-0.6270642374543614,0.012665386,0.8499792,1.0,0.823681821486028,Keloid
Endothelial,T_cell,FN1,CD44,0.69911295,1.0,0.3997983,-0.01773359044446468,-0.43421815455535395,0.019330338,0.89452237,1.0,0.8249707781047245,Keloid
Fibroblast,Myeloid,CLEC11A,ITGB1,0.77413166,0.0,0.5656219,0.2709940064440226,0.41273620718384973,0.05457555,0.9098065,0.4181681767948896,0.8288500413524442,Keloid
Endothelial,Fibroblast,ADAM15,ITGB1,0.90126336,0.0,0.40296257,0.42446257230521234,0.7113834703107857,0.12919876,0.8948937,0.07762764502292402,0.8314359632431482,Keloid
Keratinocyte,Endothelial,LGALS1,ITGB1,0.77396274,1.0,0.5480517,-0.3547545646069761,-1.1550998696188586,0.008834644,0.90850335,1.0,0.8316117432267032,Keloid
Endothelial,Keratinocyte,HSPG2,ITGB1,0.65633434,0.35,0.4061812,0.15357986660993792,0.1536819843757472,0.04038335,0.8952673,1.0,0.8392388473815986,Keloid
T_cell,Endothelial,TGFB1,TGFBR3,0.44381595,0.0,0.19481996,0.4989024795829057,1.1176181966237069,0.20255545,0.8554929,0.07762764502292402,0.8392388473815986,Keloid
Myeloid,Fibroblast,FN1,ITGAV_ITGB1,0.44263157,1.0,0.18832679,0.016163611888449433,-0.11614104953864468,0.033282083,0.85338503,1.0,0.8484036555594826,Keloid
Myeloid,Fibroblast,TGFB1,CAV1,0.47185045,1.0,0.16124557,-0.06532518686627686,-0.3658089277750629,0.025575576,0.8434039,1.0,0.852351568915954,Keloid
Endothelial,T_cell,HSPG2,ITGB1,0.76458466,0.0,0.5822304,0.23888861748148654,0.5682525941495683,0.05788652,0.91098684,0.3535145796881353,0.8524046149572728,Keloid
Fibroblast,Myeloid,CXCL12,ITGB1,0.64491206,0.23,0.41296944,0.12523038362320138,0.377240049232874,0.0461069,0.8960418,1.0,0.8589590740815785,Keloid
Pericyte_SMC,Myeloid,LGALS3BP,ITGB1,0.44052112,1.0,0.17151397,0.011450592248638897,-0.043963384550267715,0.04076652,0.8474377,1.0,0.8589590740815785,Keloid
Myeloid,T_cell,FN1,CD44,0.76358086,0.65,0.5283958,0.029009175054979477,0.024868892056670977,0.025548054,0.90697396,1.0,0.8607607377717379,Keloid
Myeloid,Endothelial,VEGFA,ITGB1,0.7634208,0.0,0.52697384,0.22021985640244723,0.5044522516940317,0.067272745,0.9068602,0.25719255393055057,0.8621554669838805,Keloid
Myeloid,T_cell,TGFB1,ITGB1,0.4700387,1.0,0.16043365,-0.06609312557717603,-0.11571068961554731,0.025566623,0.8430702,1.0,0.8629398736460941,Keloid
Fibroblast,Myeloid,ADAM12,ITGB1,0.6469563,0.01,0.41538444,0.2351107067012434,0.3442226179953449,0.06068383,0.8963131,1.0,0.8682666340239911,Keloid
Fibroblast,T_cell,LGALS3BP,ITGB1,0.4692165,1.0,0.15925625,-0.0089297403619443,-0.015568831189918086,0.037853025,0.84258235,1.0,0.874955793507223,Keloid
Keratinocyte,Keratinocyte,LUM,ITGB1,0.43805107,1.0,0.18811142,-0.34475778686917913,-1.314306850442588,0.006908843,0.85331345,1.0,0.877640952811884,Keloid
Myeloid,Endothelial,TGFB1,LPP,0.27792615,0.04,0.074342,0.038136347528344966,-0.03072688267900625,0.03452771,0.7852706,1.0,0.8812012527770534,Keloid
Myeloid,Endothelial,TIMP2,ITGB1,0.7550729,0.83,0.51028264,-0.0176293548044569,-0.11250066767697864,0.026963541,0.90549195,1.0,0.8831489703143269,Keloid
Myeloid,Myeloid,VCAN,ITGB1,0.43552232,1.0,0.16560867,-0.23001301991040068,-0.6705187115718264,0.011754629,0.84515893,1.0,0.8857298572031744,Keloid
Myeloid,Endothelial,LUM,ITGB1,0.75341904,1.0,0.5069759,-0.10016717247759774,-0.47057810374722764,0.018619902,0.9052134,1.0,0.885958094034917,Keloid
Pericyte_SMC,Keratinocyte,CXCL12,ITGB1,0.43473554,1.0,0.18479912,-0.12508430403786028,-0.47223660435586645,0.020632314,0.85219806,1.0,0.891149898756369,Keloid
Keratinocyte,Endothelial,FN1,ITGA2,0.28547892,1.0,0.07481109,-0.03816820473842408,-0.5089807071233476,0.0292617,0.78580046,1.0,0.8932718273474103,Keloid
Endothelial,Keratinocyte,FN1,CD44,0.7289053,0.96,0.4236829,0.009651824303692519,-0.6436869491268906,0.020485163,0.8972286,1.0,0.8938683112252301,Keloid
Fibroblast,Keratinocyte,FBN1,ITGB1,0.7480562,0.0,0.4978133,0.21148037944870993,0.19121202400453619,0.04264957,0.90442806,0.772073337835692,0.897217646962226,Keloid
Myeloid,Myeloid,PLAU,ITGB1,0.43284583,1.0,0.16244681,-0.025488806703782063,0.024939924007211012,0.03571832,0.8438934,1.0,0.9047967611249939,Keloid
Fibroblast,Endothelial,HSPG2,ITGB1,0.74310964,0.0,0.48636281,0.13116305056089658,0.12748125665329502,0.048355162,0.90341765,0.6408559562935024,0.9070996648689348,Keloid
Myeloid,Myeloid,FN1,CD44,0.668233,1.0,0.4273678,-0.0586355289625201,-0.1593322893973228,0.020663328,0.8976272,1.0,0.9102942311243079,Keloid
Fibroblast,Myeloid,TGFB3,ITGB1,0.42965153,1.0,0.15867326,0.04187440144085733,-0.09774318789390957,0.048979145,0.842339,1.0,0.9158139242594929,Keloid
Endothelial,Keratinocyte,TIMP2,ITGB1,0.42938238,1.0,0.1794512,-0.29036173649517893,-0.9062206317130899,0.009482275,0.8503391,1.0,0.9185819966620326,Keloid
Pericyte_SMC,Keratinocyte,NID1,ITGB1,0.42771748,1.0,0.17778793,0.002925674014559121,-0.15858000748298395,0.03653154,0.84974563,1.0,0.9241351080614162,Keloid
Keratinocyte,T_cell,VEGFA,ITGB1,0.46513999,1.0,0.15341857,-0.12119320935834299,-0.37165659505132265,0.0195852,0.84008986,1.0,0.9241351080614162,Keloid
Myeloid,Pericyte_SMC,POSTN,ITGAV_ITGB5,0.4564474,1.0,0.1531388,-0.06961954037455159,-0.30996502358093203,0.02620054,0.8399672,1.0,0.9255270577299792,Keloid
Endothelial,Myeloid,ADAM15,ITGB1,0.42607915,1.0,0.15445305,0.049984077397532606,-0.058749508097977576,0.049521085,0.8405407,1.0,0.9325067907521514,Keloid
Keratinocyte,Keratinocyte,FN1,ITGAV_ITGB1,0.28853184,1.0,0.07705348,-0.16550652598589585,-0.8134026367916763,0.01361729,0.7882755,1.0,0.9363463765057809,Keloid
Myeloid,Myeloid,FN1,PLAUR,0.73327994,0.0,0.49628973,0.2872702443837449,0.6753094162296935,0.05785363,0.9042955,0.3561584914908571,0.9369077958822514,Keloid
Fibroblast,Keratinocyte,SPON2,ITGB1,0.7327645,0.0,0.4825366,0.2689936530813233,0.3403365732322443,0.051473554,0.90307254,0.49243494730235055,0.9383332101936592,Keloid
Keratinocyte,T_cell,FBLN1,ITGB1,0.46382418,1.0,0.15153432,-0.21940796167799487,-0.6770002244581039,0.010582036,0.839258,1.0,0.9395215269783517,Keloid
Endothelial,T_cell,VWF,ITGB1,0.73079944,0.0,0.5338491,0.37632027792463013,0.8061370050217882,0.09742967,0.9074062,0.07762764502292402,0.94403987697883,Keloid
Endothelial,T_cell,NID1,ITGB1,0.46376124,1.0,0.1514442,-0.04669146760303325,-0.05843818508341364,0.031118475,0.8392179,1.0,0.9451586267757656,Keloid
Pericyte_SMC,Myeloid,TIMP2,ITGB1,0.6661535,1.0,0.43806282,-0.06313299438878181,-0.1998173219683993,0.023147417,0.8987573,1.0,0.9451586267757656,Keloid
Endothelial,T_cell,VCAN,ITGB1,0.46355334,1.0,0.15114649,-0.21864157056484726,-0.6070817531887012,0.010728127,0.8390851,1.0,0.9479857370483342,Keloid
Endothelial,Myeloid,VWF,ITGB1,0.6681289,0.0,0.44039646,0.3269316353018858,0.5637886137379863,0.08037418,0.89899874,0.1172319014496031,0.9536566091096539,Keloid
Pericyte_SMC,T_cell,TIMP2,ITGB1,0.728824,0.98,0.5310202,-0.013744351766037458,0.042531069315402625,0.028059326,0.90718275,1.0,0.9569103299896885,Keloid
Myeloid,Myeloid,FBLN1,ITGB1,0.42205265,1.0,0.1496964,-0.24648126733569942,-0.7557143717618622,0.01045369,0.8384332,1.0,0.9593500517180411,Keloid
Fibroblast,Keratinocyte,CLEC11A,ITGB1,0.7285518,0.0,0.47832802,0.23507389819521832,0.24051398869383056,0.046152767,0.90268844,0.6491338592808977,0.9597760539735202,Keloid
Endothelial,Fibroblast,FN1,CD44,0.419967,1.0,0.17600682,-0.27432752135962557,-1.1936282417007444,0.008509969,0.8491017,1.0,0.9679327596414,Keloid
Pericyte_SMC,Keratinocyte,CLEC11A,ITGB1,0.41968805,1.0,0.16976637,-0.1711459390273201,-0.5515128294946164,0.016380364,0.84677446,1.0,0.9708048278847673,Keloid
Pericyte_SMC,T_cell,LUM,ITGB1,0.6703765,1.0,0.44732204,-0.1691626453796516,-0.5404072619003792,0.016428974,0.89970493,1.0,0.9751238276462408,Keloid
Myeloid,T_cell,F13A1,ITGB1,0.6753442,0.0,0.45443603,0.34496656088347066,1.023637127458794,0.11477074,0.9004146,0.07762764502292402,0.9939871991792795,Keloid
T_cell,Endothelial,TGFB1,LPP,0.36460304,0.0,0.13185847,0.18539383997687828,0.40468749409408133,0.0612409,0.82965386,0.39379896249956536,1.0,Keloid
Endothelial,Keratinocyte,FN1,ITGA2,0.31631428,1.0,0.09290838,0.008273445102706056,-0.5407621464799757,0.036340296,0.803469,1.0,1.0,Keloid
Keratinocyte,Endothelial,FN1,ITGA5_ITGB1,0.3857789,1.0,0.14848217,0.09159798513553558,-0.250794897447843,0.03859111,0.8378808,1.0,1.0,Keloid
Endothelial,Fibroblast,FN1,SDC2,0.3408792,1.0,0.112602085,-0.04224142670426981,-0.6272534951537828,0.026128849,0.81820625,1.0,1.0,Keloid
Myeloid,Fibroblast,TGFB1,ITGB5,0.3146577,0.0,0.09080255,0.27770575972589207,0.540470558517822,0.09500202,0.8016526,0.124700987882377,1.0,Keloid
Myeloid,Keratinocyte,FN1,ITGAV_ITGB1,0.36979803,1.0,0.11115439,-0.10658404109118283,-0.4089368084309891,0.01964378,0.8172419,1.0,1.0,Keloid
Endothelial,Keratinocyte,NID1,ITGB1,0.3555109,1.0,0.10565195,-0.13200021847458188,-0.47300879485723474,0.02170917,0.8134199,1.0,1.0,Keloid
Fibroblast,T_cell,VEGFA,ITGB1,0.4549879,1.0,0.13888057,-0.1360956959082619,-0.31766168603950956,0.0177293,0.833289,1.0,1.0,Keloid
Keratinocyte,T_cell,CLEC11A,ITGB1,0.4596282,1.0,0.14552557,-0.17567937290809724,-0.48714900294607916,0.014041426,0.8365101,1.0,1.0,Keloid
Myeloid,Keratinocyte,PLAU,ITGB1,0.38726595,1.0,0.13737597,-0.06140891495258635,-0.14728229448280816,0.030205823,0.83253103,1.0,1.0,Keloid
Endothelial,Keratinocyte,FBN1,ITGB1,0.347551,1.0,0.09769985,-0.28486991480528817,-0.8856185797050798,0.008370319,0.807409,1.0,1.0,Keloid
Myeloid,Keratinocyte,POSTN,ITGAV_ITGB5,0.4201921,1.0,0.103004575,-0.13659799910422826,-0.560878023285313,0.01762307,0.81148654,1.0,1.0,Keloid
Myeloid,Keratinocyte,FN1,ITGA2,0.3807822,1.0,0.1227929,0.055016210602150215,-0.0816750998679508,0.048029363,0.8245612,1.0,1.0,Keloid
Myeloid,Keratinocyte,FBLN1,ITGB1,0.37647277,1.0,0.12659337,-0.28240137558450373,-0.9279365902518814,0.008840345,0.826755,1.0,1.0,Keloid
Endothelial,Keratinocyte,FN1,ITGAV_ITGB1,0.30533013,1.0,0.08410237,-0.153326806590627,-0.868023855043014,0.014863008,0.795488,1.0,1.0,Keloid
Keratinocyte,Pericyte_SMC,POSTN,ITGAV_ITGB5,0.40401492,1.0,0.12991236,-0.10343731538854203,-0.6065082136029999,0.022226725,0.8286006,1.0,1.0,Keloid
Endothelial,Keratinocyte,VCAN,ITGB1,0.355303,1.0,0.10544427,-0.3039503214363959,-1.0216523629625223,0.0074842595,0.8132705,1.0,1.0,Keloid
Myeloid,Keratinocyte,TGFB1,ITGB1,0.36178833,1.0,0.11192327,-0.1514018764487247,-0.5302812993893684,0.017836034,0.8177561,1.0,1.0,Keloid
Keratinocyte,Pericyte_SMC,FN1,SDC2,0.36896116,1.0,0.13612942,0.029681414516545324,-0.3202397514091335,0.031588275,0.83189464,1.0,1.0,Keloid
Endothelial,Pericyte_SMC,FN1,SDC2,0.38575947,1.0,0.14858262,0.041861133911814175,-0.3748609696604712,0.034477986,0.83792675,1.0,1.0,Keloid
Myeloid,Myeloid,TGFB1,ITGB1,0.40736818,1.0,0.13234904,-0.1154817681999204,-0.35805908089934924,0.021091074,0.8299161,1.0,1.0,Keloid
T_cell,Fibroblast,TGFB1,VASN,0.34020483,0.0,0.112465814,0.3955667663438928,0.860267861277026,0.18209516,0.8181162,0.07762764502292402,1.0,Keloid
Keratinocyte,T_cell,TIMP2,ITGB1,0.44046116,1.0,0.11807793,-0.30228423509612307,-0.8700961270472537,0.0062392857,0.8217112,1.0,1.0,Keloid
T_cell,Pericyte_SMC,TGFB1,SDC2,0.38404405,0.0,0.14731091,0.4064163521413136,0.9809399818380271,0.16569753,0.8373422,0.07762764502292402,1.0,Keloid
Myeloid,Fibroblast,FN1,SDC1,0.37465218,1.0,0.1162977,-0.07723688750014647,-0.2469144890841471,0.023071054,0.8205956,1.0,1.0,Keloid
T_cell,Pericyte_SMC,TGFB1,ITGB5,0.30945426,0.0,0.088024065,0.25522228527470464,0.6697099824432596,0.09209503,0.7991703,0.17312643767186844,1.0,Keloid
Endothelial,Endothelial,FN1,ITGA2,0.3022772,1.0,0.081654854,-0.025988485343155232,-0.5636019253746853,0.031938575,0.79307514,1.0,1.0,Keloid
Myeloid,Fibroblast,FN1,SDC2,0.4053471,1.0,0.1488212,0.0045013387951743505,-0.16816644854175788,0.034533344,0.83803564,1.0,1.0,Keloid
Endothelial,Endothelial,FN1,ROBO4,0.33636257,1.0,0.10898111,0.13897447650089306,-0.36154973664660356,0.0634204,0.8157627,1.0,1.0,Keloid
Myeloid,Endothelial,TGFB1,TGFBR3,0.35713905,0.0,0.109839775,0.35164498713437237,0.6822038198506192,0.11420107,0.8163517,0.07762764502292402,1.0,Keloid
T_cell,Keratinocyte,TGFB1,EGFR,0.35563254,0.0,0.124728344,0.4685363398332892,0.8852281172848451,0.21659926,0.8256895,0.07762764502292402,1.0,Keloid
Keratinocyte,Pericyte_SMC,FN1,ITGAV_ITGB1,0.29804283,1.0,0.084039375,-0.14947751883771998,-0.6681075101647225,0.014851875,0.795427,1.0,1.0,Keloid
Endothelial,Keratinocyte,ADAM15,ITGB1,0.38049927,1.0,0.13061592,0.014063969148728317,-0.23097172658799675,0.04187837,0.8289838,1.0,1.0,Keloid
T_cell,Fibroblast,TGFB1,SDC2,0.33916378,0.0,0.11163833,0.32231379152522965,0.7285474563447155,0.12557246,0.8175661,0.07762764502292402,1.0,Keloid
T_cell,Fibroblast,TGFB1,ITGB5,0.40133458,0.0,0.16105412,0.4249632521744253,0.9758849352909096,0.1685026,0.84332544,0.07762764502292402,1.0,Keloid
T_cell,Fibroblast,POSTN,PTK7,0.32190695,1.0,0.10362372,-0.0116216110289932,-0.6881812102715706,0.026424192,0.8119445,1.0,1.0,Keloid
T_cell,Fibroblast,POSTN,ITGAV_ITGB5,0.33899674,1.0,0.11464719,-0.10982847527878481,-0.8579506648015559,0.016060509,0.8195411,1.0,1.0,Keloid
Myeloid,Endothelial,FN1,ITGA2,0.3667451,1.0,0.10791961,0.020754280156288926,-0.10451487876266047,0.042211805,0.81502604,1.0,1.0,Keloid
Myeloid,Endothelial,FN1,ROBO4,0.4008305,1.0,0.14403552,0.18571724200033723,0.09753730996542137,0.08381993,0.8358051,1.0,1.0,Keloid
Keratinocyte,Endothelial,FN1,ROBO4,0.31956428,1.0,0.09984705,0.1267947571056242,-0.30692851839526586,0.05810493,0.8090936,1.0,1.0,Keloid
Endothelial,Fibroblast,FN1,ITGAV_ITGB1,0.37816364,1.0,0.14249305,-0.030579153610994725,-0.5752280961506696,0.025182111,0.835065,1.0,1.0,Keloid
Endothelial,Fibroblast,FN1,PLAUR,0.39534196,1.0,0.15626493,-0.1045870894169149,-0.8547558290847739,0.018216161,0.84132075,1.0,1.0,Keloid
Endothelial,Fibroblast,FN1,SDC1,0.31018424,1.0,0.087993935,-0.12397965299959063,-0.706001535696172,0.017456176,0.79914284,1.0,1.0,Keloid
T_cell,Fibroblast,TGFB1,LPP,0.34894168,0.0,0.11941022,0.16629324815102048,0.33940343707440146,0.05545938,0.8225316,0.4746513321032898,1.0,Keloid
Endothelial,Myeloid,VCAN,ITGB1,0.40088284,1.0,0.12468763,-0.2680302131875916,-0.849430144472503,0.008850122,0.825666,1.0,1.0,Keloid
Endothelial,T_cell,FBN1,ITGB1,0.45580137,1.0,0.14004545,-0.19956116393373952,-0.47104796993125875,0.011998228,0.8338684,1.0,1.0,Keloid
T_cell,Myeloid,TGFB1,CAV1,0.32681495,1.0,0.10182301,-0.08700915778867369,-0.4755852021570369,0.01615041,0.8106025,1.0,1.0,Keloid
Keratinocyte,Myeloid,FBLN1,ITGB1,0.40115368,1.0,0.12500757,-0.2687966043007392,-0.9193486157419057,0.008729604,0.82585037,1.0,1.0,Keloid
Keratinocyte,Keratinocyte,VEGFA,ITGB1,0.3568896,1.0,0.10702933,-0.20650196022989165,-0.7862272048251437,0.0136632165,0.8144008,1.0,1.0,Keloid
Pericyte_SMC,Keratinocyte,POSTN,ITGAV_ITGB5,0.46357435,1.0,0.115930624,-0.10861742754347498,-0.4787324249432652,0.01983459,0.8203628,1.0,1.0,Keloid
Myeloid,Pericyte_SMC,TGFB1,SDC2,0.29736716,0.0,0.08305411,0.2591588596927803,0.5455256050649395,0.09342051,0.79446584,0.1620821144799271,1.0,Keloid
Keratinocyte,Myeloid,CLEC11A,ITGB1,0.3969577,1.0,0.12005068,-0.2250680155308416,-0.729497394229881,0.011583413,0.82292163,1.0,1.0,Keloid
Pericyte_SMC,Keratinocyte,LGALS3BP,ITGB1,0.39494127,1.0,0.14504379,-0.024469516000165392,-0.2161856030402869,0.034474917,0.8362832,1.0,1.0,Keloid
Pericyte_SMC,Keratinocyte,FBLN1,ITGB1,0.3652233,1.0,0.115354866,-0.2944132821975216,-0.9955728347387787,0.008055531,0.8199957,1.0,1.0,Keloid
Myeloid,Pericyte_SMC,FN1,ITGAV_ITGB1,0.37930903,1.0,0.12123198,-0.09055503394300696,-0.2636416818040352,0.021424742,0.82363397,1.0,1.0,Keloid
Fibroblast,Keratinocyte,LGALS3BP,ITGB1,0.36096615,1.0,0.11110188,-0.09423849123349294,-0.4301394409637392,0.026407393,0.8172066,1.0,1.0,Keloid
Keratinocyte,Keratinocyte,FN1,ITGA2,0.299516,1.0,0.08512142,-0.003906274292562795,-0.486140928228638,0.0332945,0.79646593,1.0,1.0,Keloid
Fibroblast,Fibroblast,TGFB3,ITGB5,0.336941,0.0,0.108863175,0.43506192936666976,0.8007864515232617,0.22062023,0.81568134,0.07762764502292402,1.0,Keloid
Keratinocyte,Keratinocyte,POSTN,ITGAV_ITGB5,0.36775962,1.0,0.08738195,-0.1704157741182187,-0.8574212133073809,0.0149501925,0.79858214,1.0,1.0,Keloid
Keratinocyte,Keratinocyte,FBLN1,ITGB1,0.3555738,1.0,0.10571483,-0.30471671254954347,-1.091570834231925,0.007382342,0.813465,1.0,1.0,Keloid
Keratinocyte,Keratinocyte,TIMP2,ITGB1,0.33221078,1.0,0.08237466,-0.38759298596767167,-1.284666736821075,0.0043527107,0.79379433,1.0,1.0,Keloid
Fibroblast,Keratinocyte,VEGFA,ITGB1,0.34673753,1.0,0.0968872,-0.22140444677981053,-0.7322322958133307,0.012368484,0.80675876,1.0,1.0,Keloid
Keratinocyte,Keratinocyte,CLEC11A,ITGB1,0.35137784,1.0,0.10152295,-0.26098812377964586,-0.9017196127199003,0.009795715,0.8103758,1.0,1.0,Keloid
Fibroblast,Keratinocyte,TGFB3,ITGB1,0.38407165,1.0,0.13418481,0.0059542931920530395,-0.26996540638392874,0.04142007,0.8308861,1.0,1.0,Keloid
Fibroblast,Myeloid,LGALS3BP,ITGB1,0.406546,1.0,0.13137774,-0.05831838298468865,-0.25791722247372,0.031226687,0.82939565,1.0,1.0,Keloid
Fibroblast,Myeloid,VEGFA,ITGB1,0.3923174,1.0,0.11456892,-0.18548433853100624,-0.5600100773233114,0.014625708,0.81949055,1.0,1.0,Keloid
Pericyte_SMC,Keratinocyte,VCAN,ITGB1,0.40080422,1.0,0.15090102,-0.2540121825574242,-0.7992864559443805,0.010710705,0.8389753,1.0,1.0,Keloid
Keratinocyte,Myeloid,FN1,C5AR1,0.38138112,1.0,0.14525197,0.19964433733361475,0.0022774059952456183,0.06727514,0.83638144,1.0,1.0,Keloid
Pericyte_SMC,Keratinocyte,VEGFA,ITGB1,0.4017976,1.0,0.15189342,-0.1405806051224733,-0.4432686364663334,0.019390503,0.8394176,1.0,1.0,Keloid
Keratinocyte,Fibroblast,FN1,SDC2,0.32408088,1.0,0.10316453,-0.05442114609953866,-0.5726322769024451,0.023938905,0.8116052,1.0,1.0,Keloid
Endothelial,Pericyte_SMC,FN1,ITGAV_ITGB1,0.31484112,1.0,0.091727346,-0.13729779944245113,-0.7227287284160602,0.016210532,0.802457,1.0,1.0,Keloid
Fibroblast,T_cell,CXCL12,ITGB1,0.7075826,0.0,0.500602,0.17461902624594572,0.6195884405166759,0.05589084,0.9046692,0.44053339783133705,1.0,Keloid
Myeloid,Keratinocyte,TGFB1,CAV1,0.41716647,1.0,0.13673995,-0.10519525194790902,-0.6284885551356637,0.021688676,0.83220726,1.0,1.0,Keloid
Endothelial,Myeloid,NID1,ITGB1,0.40109074,1.0,0.12493322,-0.0960801102257776,-0.30078657636721556,0.02567105,0.8258076,1.0,1.0,Keloid
Endothelial,Myeloid,FBN1,ITGB1,0.39313084,1.0,0.11552987,-0.24894980655648388,-0.7133963612150607,0.009897885,0.8201075,1.0,1.0,Keloid
Endothelial,Myeloid,FN1,C5AR1,0.3981794,1.0,0.15853971,0.2118240567288836,-0.05234381225609208,0.0734295,0.84228307,1.0,1.0,Keloid
Endothelial,Myeloid,HSPG2,ITGB1,0.7019142,0.01,0.4803084,0.1894999748587422,0.3259042028657664,0.04775323,0.90286976,1.0,1.0,Keloid
Myeloid,T_cell,CD14,ITGB1,0.69012,0.0,0.4755952,0.33168217176648096,1.0120186937464866,0.10441512,0.9024365,0.07762764502292402,1.0,Keloid
Pericyte_SMC,Myeloid,FBLN1,ITGB1,0.41080314,1.0,0.1364069,-0.2584931739487173,-0.8233506162487596,0.009525649,0.8320369,1.0,1.0,Keloid
T_cell,Myeloid,TGFB1,LPP,0.30500674,0.0,0.08448901,0.11271029837805199,0.2634572572886756,0.03924043,0.7958608,0.9260928346060636,1.0,Keloid
Myeloid,Keratinocyte,VCAN,ITGB1,0.38994247,1.0,0.14004986,-0.265933128159205,-0.8427409300618456,0.009940508,0.83387053,1.0,1.0,Keloid
T_cell,Pericyte_SMC,TGFB1,VASN,0.30818552,0.0,0.08701562,0.3251496495562708,0.8550080230212108,0.14088835,0.798244,0.07762764502292402,1.0,Keloid
Keratinocyte,Myeloid,VEGFA,ITGB1,0.40246946,1.0,0.12656197,-0.17058185198108736,-0.6140049863351246,0.016156724,0.8267372,1.0,1.0,Keloid
Keratinocyte,Fibroblast,FN1,CD44,0.40316868,1.0,0.1612551,-0.2865072407548944,-1.1390070234494067,0.007796721,0.84340775,1.0,1.0,Keloid
Keratinocyte,Myeloid,TIMP2,ITGB1,0.37779066,1.0,0.09740787,-0.3516728777188674,-1.1124445183310556,0.005147071,0.8071762,1.0,1.0,Keloid
Fibroblast,T_cell,ADAM12,ITGB1,0.70962685,0.0,0.5035295,0.28449934932398774,0.5865710092791468,0.07356101,0.9049204,0.16504019085739532,1.0,Keloid
Keratinocyte,Fibroblast,FN1,ITGAV_ITGB1,0.36136538,1.0,0.13055025,-0.042758873006263576,-0.5206068778993319,0.023071516,0.82894814,1.0,1.0,Keloid
Keratinocyte,Fibroblast,FN1,PLAUR,0.37854367,1.0,0.14316785,-0.11676680881218375,-0.8001346108334362,0.016689407,0.83539015,1.0,1.0,Keloid
Keratinocyte,Fibroblast,FN1,SDC1,0.29338598,1.0,0.08061887,-0.13615937239485948,-0.6513803174448343,0.015993116,0.7920255,1.0,1.0,Keloid
Fibroblast,Endothelial,TGFB3,TGFBR3,0.37942237,0.0,0.13168691,0.5090011567751501,0.9425197128560588,0.2652056,0.8295618,0.07762764502292402,1.0,Keloid
Endothelial,T_cell,LGALS1,ITGB1,0.6929369,1.0,0.47962913,-0.4307280929102423,-1.3092841367394268,0.0077316654,0.90280765,1.0,1.0,Keloid
Endothelial,Endothelial,FN1,ITGA5_ITGB1,0.40257716,1.0,0.1620654,0.10377770453080443,-0.3054161156991807,0.042121444,0.8437385,1.0,1.0,Keloid
